feature_index,occurrence_count,occurrence_percentage,globally_interesting
20512,500,100.0,False
68738,448,89.60000000000001,False
18444,448,89.60000000000001,False
50055,448,89.60000000000001,False
37896,448,89.60000000000001,False
19274,428,85.6,False
13469,423,84.6,False
21330,422,84.39999999999999,False
9550,422,84.39999999999999,False
798,422,84.39999999999999,False
5499,421,84.2,False
8508,421,84.2,False
2135,421,84.2,True
34303,421,84.2,False
60470,421,84.2,False
39622,421,84.2,False
69903,418,83.6,False
3732,416,83.2,False
67215,415,83.0,False
13478,401,80.2,False
64877,399,79.80000000000001,False
33938,393,78.60000000000001,True
23584,386,77.2,False
41403,363,72.6,False
61695,349,69.8,False
8816,341,68.2,False
30187,316,63.2,False
56694,284,56.8,False
48780,252,50.4,False
26395,252,50.4,False
49922,249,49.8,False
10706,246,49.2,False
23256,222,44.4,False
26867,214,42.8,False
4657,188,37.6,False
5423,160,32.0,False
23357,145,28.999999999999996,False
15130,142,28.4,False
69922,141,28.199999999999996,False
46260,100,20.0,False
70748,95,19.0,False
23592,83,16.6,False
64507,79,15.8,False
65663,77,15.4,False
46900,77,15.4,False
21913,75,15.0,False
58546,74,14.799999999999999,False
36059,73,14.6,False
24596,73,14.6,False
33914,70,14.000000000000002,False
58507,68,13.600000000000001,False
64565,61,12.2,False
9148,61,12.2,False
43198,60,12.0,False
27510,60,12.0,False
39116,60,12.0,False
17412,57,11.4,False
8907,55,11.0,False
56405,54,10.8,False
66263,54,10.8,False
3783,53,10.6,False
17956,53,10.6,False
51230,53,10.6,False
7642,53,10.6,False
21633,53,10.6,False
4095,53,10.6,False
13407,53,10.6,False
3639,53,10.6,True
1491,53,10.6,False
56058,52,10.4,False
56034,52,10.4,False
34758,52,10.4,False
34583,52,10.4,False
55573,52,10.4,False
35145,52,10.4,False
34972,52,10.4,False
55625,52,10.4,False
34911,52,10.4,False
34906,52,10.4,False
34898,52,10.4,False
34852,52,10.4,False
26523,52,10.4,False
55003,52,10.4,False
35320,52,10.4,False
35262,52,10.4,False
35209,52,10.4,False
55924,52,10.4,False
55879,52,10.4,False
55794,52,10.4,False
56893,52,10.4,False
56351,52,10.4,False
56264,52,10.4,False
56138,52,10.4,False
34435,52,10.4,False
55779,52,10.4,False
55771,52,10.4,False
55696,52,10.4,False
55650,52,10.4,False
56358,52,10.4,False
33397,52,10.4,False
33395,52,10.4,False
33389,52,10.4,False
33339,52,10.4,False
33242,52,10.4,False
33240,52,10.4,False
33846,52,10.4,False
32760,52,10.4,False
34208,52,10.4,False
32750,52,10.4,False
32706,52,10.4,False
33186,52,10.4,False
33169,52,10.4,False
33054,52,10.4,False
33016,52,10.4,False
56854,52,10.4,False
56830,52,10.4,False
32756,52,10.4,False
34405,52,10.4,False
26536,52,10.4,False
55017,52,10.4,False
34107,52,10.4,False
34089,52,10.4,False
34851,52,10.4,False
34837,52,10.4,False
34826,52,10.4,False
32913,52,10.4,False
33589,52,10.4,False
26342,52,10.4,False
33503,52,10.4,False
33406,52,10.4,False
31389,52,10.4,False
31273,52,10.4,False
31153,52,10.4,False
31945,52,10.4,False
33790,52,10.4,False
54714,52,10.4,False
54699,52,10.4,False
54105,52,10.4,False
54078,52,10.4,False
54076,52,10.4,False
54611,52,10.4,False
54565,52,10.4,False
54308,52,10.4,False
55190,52,10.4,False
54281,52,10.4,False
38006,52,10.4,False
37875,52,10.4,False
37861,52,10.4,False
37832,52,10.4,False
37735,52,10.4,False
37592,52,10.4,False
54150,52,10.4,False
54302,52,10.4,False
39133,52,10.4,False
39033,52,10.4,False
38995,52,10.4,False
38960,52,10.4,False
40182,52,10.4,False
40145,52,10.4,False
40142,52,10.4,False
40011,52,10.4,False
54813,52,10.4,False
38187,52,10.4,False
38136,52,10.4,False
38014,52,10.4,False
54278,52,10.4,False
54206,52,10.4,False
54950,52,10.4,False
54946,52,10.4,False
54939,52,10.4,False
38569,52,10.4,False
36543,52,10.4,False
36503,52,10.4,False
36353,52,10.4,False
36286,52,10.4,False
36223,52,10.4,False
35208,52,10.4,False
26522,52,10.4,False
35206,52,10.4,False
54138,52,10.4,False
35822,52,10.4,False
35792,52,10.4,False
35638,52,10.4,False
36094,52,10.4,False
36073,52,10.4,False
55313,52,10.4,False
56796,52,10.4,False
55021,52,10.4,False
35866,52,10.4,False
37023,52,10.4,False
37523,52,10.4,False
37508,52,10.4,False
37499,52,10.4,False
37469,52,10.4,False
37276,52,10.4,False
37250,52,10.4,False
37197,52,10.4,False
35914,52,10.4,False
33974,52,10.4,False
33957,52,10.4,False
26984,52,10.4,False
33896,52,10.4,False
33887,52,10.4,False
33864,52,10.4,False
34572,52,10.4,False
26510,52,10.4,False
35941,52,10.4,False
34058,52,10.4,False
29195,52,10.4,False
58049,52,10.4,False
58048,52,10.4,False
57951,52,10.4,False
57935,52,10.4,False
57927,52,10.4,False
57863,52,10.4,False
28677,52,10.4,False
32856,52,10.4,False
58645,52,10.4,False
58579,52,10.4,False
27070,52,10.4,False
27097,52,10.4,False
59218,52,10.4,False
59195,52,10.4,False
27155,52,10.4,False
59170,52,10.4,False
28431,52,10.4,False
27503,52,10.4,False
27481,52,10.4,False
27446,52,10.4,False
29167,52,10.4,False
29139,52,10.4,False
29108,52,10.4,False
29021,52,10.4,False
29018,52,10.4,False
29201,52,10.4,False
29539,52,10.4,False
29530,52,10.4,False
28385,52,10.4,False
28313,52,10.4,False
28878,52,10.4,False
28762,52,10.4,False
28752,52,10.4,False
28733,52,10.4,False
29725,52,10.4,False
27825,52,10.4,False
27800,52,10.4,False
27709,52,10.4,False
27707,52,10.4,False
27704,52,10.4,False
27585,52,10.4,False
59915,52,10.4,False
59779,52,10.4,False
58986,52,10.4,False
60259,52,10.4,False
60204,52,10.4,False
60172,52,10.4,False
60577,52,10.4,False
60506,52,10.4,False
26897,52,10.4,False
26555,52,10.4,False
26551,52,10.4,False
60366,52,10.4,False
28046,52,10.4,False
28022,52,10.4,False
58402,52,10.4,False
58390,52,10.4,False
58254,52,10.4,False
58243,52,10.4,False
58123,52,10.4,False
58665,52,10.4,False
27198,52,10.4,False
27960,52,10.4,False
27944,52,10.4,False
27915,52,10.4,False
27842,52,10.4,False
28160,52,10.4,False
28151,52,10.4,False
28136,52,10.4,False
27305,52,10.4,False
27548,52,10.4,False
29954,52,10.4,False
32136,52,10.4,False
32122,52,10.4,False
32121,52,10.4,False
32117,52,10.4,False
32110,52,10.4,False
32669,52,10.4,False
32657,52,10.4,False
27521,52,10.4,False
31918,52,10.4,False
31866,52,10.4,False
31782,52,10.4,False
31712,52,10.4,False
60155,52,10.4,False
31685,52,10.4,False
31658,52,10.4,False
31606,52,10.4,False
32655,52,10.4,False
56710,52,10.4,False
56681,52,10.4,False
32911,52,10.4,False
29921,52,10.4,False
29799,52,10.4,False
29798,52,10.4,False
29778,52,10.4,False
29738,52,10.4,False
30147,52,10.4,False
30407,52,10.4,False
30392,52,10.4,False
32603,52,10.4,False
32589,52,10.4,False
32541,52,10.4,False
32384,52,10.4,False
32284,52,10.4,False
30148,52,10.4,False
30445,52,10.4,False
30448,52,10.4,False
31146,52,10.4,False
31121,52,10.4,False
31080,52,10.4,False
30951,52,10.4,False
30943,52,10.4,False
30360,52,10.4,False
30322,52,10.4,False
32191,52,10.4,False
30203,52,10.4,False
30836,52,10.4,False
30768,52,10.4,False
30753,52,10.4,False
30605,52,10.4,False
29331,52,10.4,False
29312,52,10.4,False
29249,52,10.4,False
30237,52,10.4,False
57319,52,10.4,False
57264,52,10.4,False
57263,52,10.4,False
57238,52,10.4,False
27053,52,10.4,False
57205,52,10.4,False
57540,52,10.4,False
57428,52,10.4,False
30455,52,10.4,False
30930,52,10.4,False
30911,52,10.4,False
30864,52,10.4,False
57112,52,10.4,False
57082,52,10.4,False
57076,52,10.4,False
56978,52,10.4,False
56957,52,10.4,False
30530,52,10.4,False
57336,52,10.4,False
44813,52,10.4,False
44775,52,10.4,False
45336,52,10.4,False
45316,52,10.4,False
45306,52,10.4,False
45279,52,10.4,False
46885,52,10.4,False
46855,52,10.4,False
26479,52,10.4,False
47118,52,10.4,False
47076,52,10.4,False
47062,52,10.4,False
47036,52,10.4,False
45114,52,10.4,False
46669,52,10.4,False
46583,52,10.4,False
46499,52,10.4,False
47357,52,10.4,False
47829,52,10.4,False
50557,52,10.4,False
50533,52,10.4,False
51215,52,10.4,False
51192,52,10.4,False
51160,52,10.4,False
51089,52,10.4,False
50906,52,10.4,False
44939,52,10.4,False
50419,52,10.4,False
50392,52,10.4,False
50326,52,10.4,False
50236,52,10.4,False
50220,52,10.4,False
50771,52,10.4,False
50665,52,10.4,False
50570,52,10.4,False
44949,52,10.4,False
50896,52,10.4,False
51537,52,10.4,False
51522,52,10.4,False
51494,52,10.4,False
51325,52,10.4,False
51260,52,10.4,False
51256,52,10.4,False
52049,52,10.4,False
45961,52,10.4,False
46247,52,10.4,False
45882,52,10.4,False
45848,52,10.4,False
45796,52,10.4,False
45783,52,10.4,False
45699,52,10.4,False
45693,52,10.4,False
45243,52,10.4,False
45212,52,10.4,False
45161,52,10.4,False
45903,52,10.4,False
47023,52,10.4,False
46980,52,10.4,False
46967,52,10.4,False
48514,52,10.4,False
48445,52,10.4,False
46236,52,10.4,False
46215,52,10.4,False
46159,52,10.4,False
52348,52,10.4,False
46109,52,10.4,False
46730,52,10.4,False
51951,52,10.4,False
51832,52,10.4,False
51821,52,10.4,False
51710,52,10.4,False
52407,52,10.4,False
52383,52,10.4,False
52356,52,10.4,False
46136,52,10.4,False
691,52,10.4,False
765,52,10.4,False
48994,52,10.4,False
813,52,10.4,False
816,52,10.4,False
857,52,10.4,False
348,52,10.4,False
398,52,10.4,False
47986,52,10.4,False
1580,52,10.4,False
426,52,10.4,False
50189,52,10.4,False
50125,52,10.4,False
50086,52,10.4,False
50078,52,10.4,False
50056,52,10.4,False
50041,52,10.4,False
50038,52,10.4,False
1536,52,10.4,False
584,52,10.4,False
49570,52,10.4,False
73270,52,10.4,False
73344,52,10.4,False
73480,52,10.4,False
73529,52,10.4,False
73561,52,10.4,False
73597,52,10.4,False
343,52,10.4,False
73637,52,10.4,False
73645,52,10.4,False
73663,52,10.4,False
73265,52,10.4,False
442,52,10.4,False
505,52,10.4,False
519,52,10.4,False
523,52,10.4,False
212,52,10.4,False
72688,52,10.4,False
48838,52,10.4,False
48749,52,10.4,False
48716,52,10.4,False
48710,52,10.4,False
48387,52,10.4,False
48377,52,10.4,False
48337,52,10.4,False
48329,52,10.4,False
49395,52,10.4,False
48272,52,10.4,False
48692,52,10.4,False
48516,52,10.4,False
47810,52,10.4,False
47652,52,10.4,False
47501,52,10.4,False
47445,52,10.4,False
48015,52,10.4,False
47991,52,10.4,False
48285,52,10.4,False
49377,52,10.4,False
49375,52,10.4,False
49361,52,10.4,False
49991,52,10.4,False
49960,52,10.4,False
49878,52,10.4,False
49749,52,10.4,False
49343,52,10.4,False
48868,52,10.4,False
49252,52,10.4,False
49071,52,10.4,False
49030,52,10.4,False
49446,52,10.4,False
49431,52,10.4,False
49414,52,10.4,False
72757,52,10.4,False
48982,52,10.4,False
48916,52,10.4,False
49340,52,10.4,False
41169,52,10.4,False
41044,52,10.4,False
41043,52,10.4,False
40986,52,10.4,False
39909,52,10.4,False
39867,52,10.4,False
39812,52,10.4,False
39773,52,10.4,False
45632,52,10.4,False
39765,52,10.4,False
40230,52,10.4,False
40191,52,10.4,False
39415,52,10.4,False
39677,52,10.4,False
39631,52,10.4,False
39629,52,10.4,False
39580,52,10.4,False
39770,52,10.4,False
52744,52,10.4,False
52684,52,10.4,False
52680,52,10.4,False
52673,52,10.4,False
53132,52,10.4,False
53125,52,10.4,False
53098,52,10.4,False
40744,52,10.4,False
41222,52,10.4,False
41753,52,10.4,False
41717,52,10.4,False
41695,52,10.4,False
41516,52,10.4,False
41339,52,10.4,False
52852,52,10.4,False
40577,52,10.4,False
40539,52,10.4,False
41224,52,10.4,False
41798,52,10.4,False
36707,52,10.4,False
36650,52,10.4,False
36583,52,10.4,False
37135,52,10.4,False
37115,52,10.4,False
37077,52,10.4,False
37050,52,10.4,False
39371,52,10.4,False
39571,52,10.4,False
39266,52,10.4,False
39253,52,10.4,False
39237,52,10.4,False
39211,52,10.4,False
39176,52,10.4,False
36832,52,10.4,False
38884,52,10.4,False
38706,52,10.4,False
38634,52,10.4,False
39356,52,10.4,False
39505,52,10.4,False
39946,52,10.4,False
53438,52,10.4,False
39503,52,10.4,False
39491,52,10.4,False
39484,52,10.4,False
39470,52,10.4,False
39453,52,10.4,False
36831,52,10.4,False
39426,52,10.4,False
53216,52,10.4,False
53210,52,10.4,False
53198,52,10.4,False
53838,52,10.4,False
53749,52,10.4,False
53713,52,10.4,False
53610,52,10.4,False
53522,52,10.4,False
39438,52,10.4,False
44170,52,10.4,False
43647,52,10.4,False
43610,52,10.4,False
43482,52,10.4,False
43402,52,10.4,False
44114,52,10.4,False
43949,52,10.4,False
43830,52,10.4,False
52790,52,10.4,False
52257,52,10.4,False
52203,52,10.4,False
52598,52,10.4,False
52566,52,10.4,False
52558,52,10.4,False
52534,52,10.4,False
52447,52,10.4,False
43691,52,10.4,False
40352,52,10.4,False
43813,52,10.4,False
45624,52,10.4,False
45594,52,10.4,False
45475,52,10.4,False
45451,52,10.4,False
44167,52,10.4,False
44602,52,10.4,False
44507,52,10.4,False
44481,52,10.4,False
44195,52,10.4,False
44379,52,10.4,False
42115,52,10.4,False
42089,52,10.4,False
43771,52,10.4,False
43715,52,10.4,False
44337,52,10.4,False
44332,52,10.4,False
44313,52,10.4,False
44272,52,10.4,False
44397,52,10.4,False
42782,52,10.4,False
42708,52,10.4,False
42059,52,10.4,False
42033,52,10.4,False
42006,52,10.4,False
41989,52,10.4,False
41922,52,10.4,False
41907,52,10.4,False
40347,52,10.4,False
42602,52,10.4,False
53073,52,10.4,False
52997,52,10.4,False
52970,52,10.4,False
52967,52,10.4,False
52931,52,10.4,False
53416,52,10.4,False
53363,52,10.4,False
53250,52,10.4,False
42661,52,10.4,False
40305,52,10.4,False
40723,52,10.4,False
40703,52,10.4,False
40670,52,10.4,False
40616,52,10.4,False
40599,52,10.4,False
42700,52,10.4,False
43378,52,10.4,False
42857,52,10.4,False
43260,52,10.4,False
43171,52,10.4,False
40446,52,10.4,False
40430,52,10.4,False
42206,52,10.4,False
42176,52,10.4,False
42953,52,10.4,False
42924,52,10.4,False
42864,52,10.4,False
43269,52,10.4,False
9274,52,10.4,False
9847,52,10.4,False
9719,52,10.4,False
9709,52,10.4,False
9666,52,10.4,False
9578,52,10.4,False
69169,52,10.4,False
9047,52,10.4,False
26362,52,10.4,False
9017,52,10.4,False
9007,52,10.4,False
8987,52,10.4,False
9412,52,10.4,False
69078,52,10.4,False
69073,52,10.4,False
69496,52,10.4,False
69424,52,10.4,False
9038,52,10.4,False
11369,52,10.4,False
10304,52,10.4,False
10925,52,10.4,False
10905,52,10.4,False
10870,52,10.4,False
10795,52,10.4,False
10752,52,10.4,False
10578,52,10.4,False
9339,52,10.4,False
10156,52,10.4,False
10106,52,10.4,False
10088,52,10.4,False
10066,52,10.4,False
10050,52,10.4,False
10032,52,10.4,False
9856,52,10.4,False
8049,52,10.4,False
9373,52,10.4,False
10545,52,10.4,False
8051,52,10.4,False
8626,52,10.4,False
8621,52,10.4,False
8579,52,10.4,False
8561,52,10.4,False
8498,52,10.4,False
8457,52,10.4,False
7932,52,10.4,False
69402,52,10.4,False
7843,52,10.4,False
8442,52,10.4,False
8306,52,10.4,False
8302,52,10.4,False
8246,52,10.4,False
8242,52,10.4,False
6991,52,10.4,False
6631,52,10.4,False
7910,52,10.4,False
69320,52,10.4,False
69252,52,10.4,False
69171,52,10.4,False
69646,52,10.4,False
69498,52,10.4,False
70357,52,10.4,False
70197,52,10.4,False
1609,52,10.4,False
8097,52,10.4,False
70724,52,10.4,False
70672,52,10.4,False
8450,52,10.4,False
8936,52,10.4,False
8798,52,10.4,False
8706,52,10.4,False
69805,52,10.4,False
69773,52,10.4,False
69746,52,10.4,False
69872,52,10.4,False
14217,52,10.4,False
12855,52,10.4,False
12835,52,10.4,False
12795,52,10.4,False
12756,52,10.4,False
10423,52,10.4,False
10359,52,10.4,False
10347,52,10.4,False
11468,52,10.4,False
12569,52,10.4,False
12462,52,10.4,False
12448,52,10.4,False
12426,52,10.4,False
13029,52,10.4,False
13021,52,10.4,False
13013,52,10.4,False
13011,52,10.4,False
10308,52,10.4,False
67338,52,10.4,False
67141,52,10.4,False
67053,52,10.4,False
67773,52,10.4,False
14205,52,10.4,False
14181,52,10.4,False
14158,52,10.4,False
14043,52,10.4,False
13491,52,10.4,False
14586,52,10.4,False
14569,52,10.4,False
14538,52,10.4,False
13247,52,10.4,False
13245,52,10.4,False
13227,52,10.4,False
13176,52,10.4,False
13781,52,10.4,False
13689,52,10.4,False
14592,52,10.4,False
68791,52,10.4,False
68739,52,10.4,False
69137,52,10.4,False
69089,52,10.4,False
11307,52,10.4,False
11195,52,10.4,False
11181,52,10.4,False
68677,52,10.4,False
11746,52,10.4,False
68628,52,10.4,False
68625,52,10.4,False
68453,52,10.4,False
11097,52,10.4,False
11082,52,10.4,False
11048,52,10.4,False
10994,52,10.4,False
10969,52,10.4,False
11591,52,10.4,False
68655,52,10.4,False
12353,52,10.4,False
12274,52,10.4,False
12199,52,10.4,False
12189,52,10.4,False
12159,52,10.4,False
12701,52,10.4,False
12686,52,10.4,False
68350,52,10.4,False
68802,52,10.4,False
68303,52,10.4,False
68259,52,10.4,False
68249,52,10.4,False
11995,52,10.4,False
11964,52,10.4,False
11797,52,10.4,False
68948,52,10.4,False
68876,52,10.4,False
68871,52,10.4,False
68341,52,10.4,False
1107,52,10.4,False
1048,52,10.4,False
881,52,10.4,False
2920,52,10.4,False
2760,52,10.4,False
2633,52,10.4,False
2631,52,10.4,False
2616,52,10.4,False
6500,52,10.4,False
2591,52,10.4,False
3195,52,10.4,False
2131,52,10.4,False
2586,52,10.4,False
2581,52,10.4,False
2577,52,10.4,False
2512,52,10.4,False
2449,52,10.4,False
2601,52,10.4,False
71932,52,10.4,False
71924,52,10.4,False
71890,52,10.4,False
71834,52,10.4,False
71745,52,10.4,False
3367,52,10.4,False
71406,52,10.4,False
71671,52,10.4,False
2942,52,10.4,False
71605,52,10.4,False
71581,52,10.4,False
71568,52,10.4,False
71554,52,10.4,False
71525,52,10.4,False
3135,52,10.4,False
3078,52,10.4,True
3059,52,10.4,False
3011,52,10.4,False
71646,52,10.4,False
72236,52,10.4,False
72122,52,10.4,False
72103,52,10.4,False
72682,52,10.4,False
72658,52,10.4,False
72641,52,10.4,False
1497,52,10.4,False
1460,52,10.4,False
2442,52,10.4,False
2022,52,10.4,False
1986,52,10.4,False
1912,52,10.4,False
72444,52,10.4,False
1397,52,10.4,False
1294,52,10.4,False
1279,52,10.4,False
1204,52,10.4,False
1656,52,10.4,False
2075,52,10.4,False
2437,52,10.4,False
4394,52,10.4,False
4324,52,10.4,False
2430,52,10.4,False
2384,52,10.4,False
2263,52,10.4,False
2221,52,10.4,False
2160,52,10.4,False
72355,52,10.4,False
72604,52,10.4,False
72594,52,10.4,False
72579,52,10.4,False
72461,52,10.4,False
73182,52,10.4,False
73150,52,10.4,False
72844,52,10.4,False
72781,52,10.4,False
72357,52,10.4,False
2142,52,10.4,False
6455,52,10.4,False
70578,52,10.4,False
70555,52,10.4,False
70531,52,10.4,False
71149,52,10.4,False
71133,52,10.4,False
71111,52,10.4,False
71110,52,10.4,False
72041,52,10.4,False
71306,52,10.4,False
71291,52,10.4,False
71226,52,10.4,False
71200,52,10.4,False
71514,52,10.4,False
71489,52,10.4,False
71472,52,10.4,False
71431,52,10.4,False
71002,52,10.4,False
7800,52,10.4,False
7730,52,10.4,False
7707,52,10.4,False
7671,52,10.4,False
6348,52,10.4,False
6296,52,10.4,False
6245,52,10.4,False
6223,52,10.4,False
5880,52,10.4,False
6125,52,10.4,False
6091,52,10.4,False
7376,52,10.4,False
70926,52,10.4,False
6079,52,10.4,False
6060,52,10.4,False
6059,52,10.4,False
6021,52,10.4,False
5900,52,10.4,False
6162,52,10.4,False
4865,52,10.4,False
4817,52,10.4,False
4735,52,10.4,False
5258,52,10.4,False
3571,52,10.4,False
3979,52,10.4,False
3928,52,10.4,False
4696,52,10.4,False
5382,52,10.4,False
4397,52,10.4,False
3354,52,10.4,False
3318,52,10.4,False
3273,52,10.4,False
3269,52,10.4,False
3761,52,10.4,False
3712,52,10.4,False
3682,52,10.4,False
72065,52,10.4,False
4429,52,10.4,False
5269,52,10.4,False
5854,52,10.4,False
5848,52,10.4,False
5843,52,10.4,False
5814,52,10.4,False
71343,52,10.4,False
71315,52,10.4,False
5248,52,10.4,False
4901,52,10.4,False
5157,52,10.4,False
5047,52,10.4,False
4987,52,10.4,False
5564,52,10.4,False
5491,52,10.4,False
5398,52,10.4,False
7568,52,10.4,False
4951,52,10.4,False
4934,52,10.4,False
5174,52,10.4,False
22598,52,10.4,False
62276,52,10.4,False
62251,52,10.4,False
62205,52,10.4,False
62164,52,10.4,False
62799,52,10.4,False
62756,52,10.4,False
62673,52,10.4,False
67443,52,10.4,False
22502,52,10.4,False
22437,52,10.4,False
63116,52,10.4,False
63109,52,10.4,False
63045,52,10.4,False
62989,52,10.4,False
62958,52,10.4,False
62808,52,10.4,False
62636,52,10.4,False
23429,52,10.4,False
23426,52,10.4,False
23345,52,10.4,False
23276,52,10.4,False
22596,52,10.4,False
22981,52,10.4,False
22959,52,10.4,False
22954,52,10.4,False
22629,52,10.4,False
22925,52,10.4,False
22860,52,10.4,False
23231,52,10.4,False
62559,52,10.4,False
62424,52,10.4,False
62410,52,10.4,False
22847,52,10.4,False
22762,52,10.4,False
22642,52,10.4,False
22945,52,10.4,False
21648,52,10.4,False
21635,52,10.4,False
21017,52,10.4,False
20967,52,10.4,False
20826,52,10.4,False
21575,52,10.4,False
21229,52,10.4,False
21167,52,10.4,False
21841,52,10.4,False
19010,52,10.4,False
19905,52,10.4,False
19902,52,10.4,False
20631,52,10.4,False
20580,52,10.4,False
20576,52,10.4,False
20519,52,10.4,False
20470,52,10.4,False
21132,52,10.4,False
22377,52,10.4,False
22221,52,10.4,False
22096,52,10.4,False
21997,52,10.4,False
21965,52,10.4,False
22576,52,10.4,False
22521,52,10.4,False
21963,52,10.4,False
21773,52,10.4,False
21928,52,10.4,False
21882,52,10.4,False
21878,52,10.4,False
21857,52,10.4,False
23268,52,10.4,False
23263,52,10.4,False
23247,52,10.4,False
21837,52,10.4,False
21814,52,10.4,False
21952,52,10.4,False
25660,52,10.4,False
26231,52,10.4,False
26207,52,10.4,False
26160,52,10.4,False
26146,52,10.4,False
25020,52,10.4,False
25564,52,10.4,False
25529,52,10.4,False
23435,52,10.4,False
25413,52,10.4,False
26029,52,10.4,False
26026,52,10.4,False
25967,52,10.4,False
60482,52,10.4,False
60785,52,10.4,False
60767,52,10.4,False
60746,52,10.4,False
25441,52,10.4,False
26978,52,10.4,False
58901,52,10.4,False
59560,52,10.4,False
59510,52,10.4,False
59339,52,10.4,False
59333,52,10.4,False
59262,52,10.4,False
26350,52,10.4,False
25661,52,10.4,False
26085,52,10.4,False
26075,52,10.4,False
23630,52,10.4,False
23624,52,10.4,False
23590,52,10.4,False
23532,52,10.4,False
24026,52,10.4,False
25939,52,10.4,False
25772,52,10.4,False
26088,52,10.4,False
24123,52,10.4,False
24114,52,10.4,False
24789,52,10.4,False
24717,52,10.4,False
24695,52,10.4,False
24629,52,10.4,False
24604,52,10.4,False
23977,52,10.4,False
60717,52,10.4,False
23864,52,10.4,False
23851,52,10.4,False
23846,52,10.4,False
23786,52,10.4,False
24369,52,10.4,False
24348,52,10.4,False
23229,52,10.4,False
23223,52,10.4,False
23102,52,10.4,False
23930,52,10.4,False
25256,52,10.4,False
25231,52,10.4,False
25095,52,10.4,False
61234,52,10.4,False
61210,52,10.4,False
62130,52,10.4,False
62075,52,10.4,False
61930,52,10.4,False
24328,52,10.4,False
61722,52,10.4,False
61710,52,10.4,False
24521,52,10.4,False
24443,52,10.4,False
61692,52,10.4,False
61647,52,10.4,False
61584,52,10.4,False
61522,52,10.4,False
61461,52,10.4,False
61740,52,10.4,False
16888,52,10.4,False
17500,52,10.4,False
17452,52,10.4,False
17366,52,10.4,False
17235,52,10.4,False
17146,52,10.4,False
16166,52,10.4,False
15936,52,10.4,False
20385,52,10.4,False
16538,52,10.4,False
16377,52,10.4,False
16227,52,10.4,False
16211,52,10.4,False
16957,52,10.4,False
15847,52,10.4,False
15834,52,10.4,False
15823,52,10.4,False
16632,52,10.4,False
65358,52,10.4,False
65341,52,10.4,False
65334,52,10.4,False
65714,52,10.4,False
65679,52,10.4,False
65646,52,10.4,False
65587,52,10.4,False
66571,52,10.4,False
16902,52,10.4,False
66458,52,10.4,False
65489,52,10.4,False
65486,52,10.4,False
65478,52,10.4,False
65417,52,10.4,False
65391,52,10.4,False
65359,52,10.4,False
66024,52,10.4,False
65776,52,10.4,False
66517,52,10.4,False
66379,52,10.4,False
66366,52,10.4,False
66996,52,10.4,False
66924,52,10.4,False
66908,52,10.4,False
66833,52,10.4,False
66816,52,10.4,False
67716,52,10.4,False
15790,52,10.4,False
67507,52,10.4,False
68183,52,10.4,False
68152,52,10.4,False
68045,52,10.4,False
67813,52,10.4,False
67792,52,10.4,False
14486,52,10.4,False
14288,52,10.4,False
67487,52,10.4,False
67577,52,10.4,False
15786,52,10.4,False
13383,52,10.4,False
13250,52,10.4,False
15348,52,10.4,False
15248,52,10.4,False
15106,52,10.4,False
14950,52,10.4,False
15767,52,10.4,False
15438,52,10.4,False
15656,52,10.4,False
15861,52,10.4,False
66713,52,10.4,False
66674,52,10.4,False
14831,52,10.4,False
14822,52,10.4,False
14700,52,10.4,False
14631,52,10.4,False
14607,52,10.4,False
15736,52,10.4,False
64239,52,10.4,False
64835,52,10.4,False
64765,52,10.4,False
64757,52,10.4,False
64746,52,10.4,False
19855,52,10.4,False
19808,52,10.4,False
19803,52,10.4,False
64948,52,10.4,False
19673,52,10.4,False
19617,52,10.4,False
19578,52,10.4,False
19107,52,10.4,False
19024,52,10.4,False
19022,52,10.4,False
19560,52,10.4,False
19423,52,10.4,False
19748,52,10.4,False
63557,52,10.4,False
63504,52,10.4,False
64054,52,10.4,False
64034,52,10.4,False
63899,52,10.4,False
63896,52,10.4,False
20158,52,10.4,False
20038,52,10.4,False
64265,52,10.4,False
63328,52,10.4,False
63211,52,10.4,False
63181,52,10.4,False
63180,52,10.4,False
63156,52,10.4,False
63770,52,10.4,False
63651,52,10.4,False
64348,52,10.4,False
64276,52,10.4,False
63410,52,10.4,False
18109,52,10.4,False
18074,52,10.4,False
18071,52,10.4,False
17976,52,10.4,False
18468,52,10.4,False
18363,52,10.4,False
65247,52,10.4,False
65216,52,10.4,False
19396,52,10.4,False
17814,52,10.4,False
17809,52,10.4,False
17733,52,10.4,False
17726,52,10.4,False
18232,52,10.4,False
64509,52,10.4,False
65030,52,10.4,False
65011,52,10.4,False
64986,52,10.4,False
17870,52,10.4,False
19326,52,10.4,False
19235,52,10.4,False
18993,52,10.4,False
18915,52,10.4,False
18895,52,10.4,False
18872,52,10.4,False
19222,52,10.4,False
19193,52,10.4,False
18161,52,10.4,False
19168,52,10.4,False
18815,52,10.4,False
18782,52,10.4,False
18762,52,10.4,False
18752,52,10.4,False
18707,52,10.4,False
18688,52,10.4,False
18658,52,10.4,False
16177,52,10.4,False
19177,52,10.4,False
46192,51,10.2,False
40043,51,10.2,False
43287,51,10.2,False
7837,51,10.2,False
67905,51,10.2,False
67668,51,10.2,False
14523,51,10.2,False
31568,51,10.2,False
57515,51,10.2,False
38942,51,10.2,False
28121,51,10.2,False
60760,51,10.2,False
30217,51,10.2,False
26527,51,10.2,False
13723,51,10.2,False
65051,51,10.2,False
17812,51,10.2,False
65266,51,10.2,False
34998,51,10.2,False
36442,51,10.2,False
58445,51,10.2,False
23169,51,10.2,False
61887,50,10.0,False
64047,50,10.0,False
52072,50,10.0,False
39041,50,10.0,False
31282,50,10.0,False
50321,50,10.0,False
39554,50,10.0,False
41395,50,10.0,False
72750,50,10.0,False
22542,50,10.0,False
12542,50,10.0,False
13570,49,9.8,False
10898,49,9.8,False
48542,49,9.8,False
28787,49,9.8,False
48096,49,9.8,False
48640,49,9.8,False
41681,49,9.8,False
2986,49,9.8,False
49165,49,9.8,False
5827,48,9.6,False
2137,48,9.6,False
50602,48,9.6,False
38099,48,9.6,True
36376,48,9.6,False
6898,48,9.6,False
1391,47,9.4,False
10612,47,9.4,False
1160,47,9.4,False
11114,46,9.2,False
16450,46,9.2,False
18601,46,9.2,False
51035,46,9.2,False
70802,46,9.2,False
4196,46,9.2,False
39721,46,9.2,False
16251,45,9.0,False
26547,45,9.0,False
27073,45,9.0,False
21163,45,9.0,False
16770,45,9.0,False
17961,45,9.0,False
11775,45,9.0,False
8600,45,9.0,False
4712,45,9.0,False
42712,44,8.799999999999999,False
33385,44,8.799999999999999,False
38598,44,8.799999999999999,False
15932,43,8.6,False
69168,43,8.6,False
3643,43,8.6,False
44568,43,8.6,False
12325,42,8.4,False
22923,42,8.4,False
23207,41,8.200000000000001,False
58047,40,8.0,False
67743,40,8.0,False
28887,40,8.0,False
22895,40,8.0,False
35737,39,7.8,False
22039,39,7.8,False
55805,39,7.8,False
60517,39,7.8,False
63213,38,7.6,False
47737,38,7.6,False
57466,38,7.6,False
55813,38,7.6,False
39148,38,7.6,False
18901,37,7.3999999999999995,False
46320,37,7.3999999999999995,False
26674,36,7.199999999999999,False
11075,36,7.199999999999999,False
28586,36,7.199999999999999,False
24221,35,7.000000000000001,False
14868,35,7.000000000000001,False
28914,35,7.000000000000001,False
24378,34,6.800000000000001,False
64890,34,6.800000000000001,False
54094,34,6.800000000000001,False
44437,34,6.800000000000001,False
28760,34,6.800000000000001,False
42348,34,6.800000000000001,False
27984,34,6.800000000000001,False
44528,33,6.6000000000000005,False
30257,33,6.6000000000000005,False
57358,33,6.6000000000000005,False
65639,32,6.4,False
67771,32,6.4,False
62522,32,6.4,False
8355,32,6.4,False
3305,31,6.2,False
2643,31,6.2,False
34614,31,6.2,False
67502,31,6.2,False
64357,31,6.2,False
27677,31,6.2,False
20384,31,6.2,False
13430,30,6.0,False
15461,30,6.0,False
55949,30,6.0,False
53481,30,6.0,False
11256,30,6.0,False
47544,30,6.0,False
19569,30,6.0,False
1676,29,5.800000000000001,False
19277,29,5.800000000000001,False
65442,29,5.800000000000001,False
47934,29,5.800000000000001,False
70916,29,5.800000000000001,False
53583,29,5.800000000000001,False
62231,29,5.800000000000001,False
28214,29,5.800000000000001,False
16461,29,5.800000000000001,False
18512,29,5.800000000000001,False
347,29,5.800000000000001,False
43346,29,5.800000000000001,False
65073,29,5.800000000000001,False
62699,29,5.800000000000001,False
53991,28,5.6000000000000005,False
17208,28,5.6000000000000005,False
28484,28,5.6000000000000005,False
15352,28,5.6000000000000005,False
11956,28,5.6000000000000005,False
30198,28,5.6000000000000005,False
15634,28,5.6000000000000005,False
17626,28,5.6000000000000005,False
56533,28,5.6000000000000005,False
56212,28,5.6000000000000005,False
21797,28,5.6000000000000005,False
28376,28,5.6000000000000005,False
27023,28,5.6000000000000005,False
19793,28,5.6000000000000005,False
8054,28,5.6000000000000005,False
10991,28,5.6000000000000005,False
10864,28,5.6000000000000005,False
13546,28,5.6000000000000005,False
26437,28,5.6000000000000005,False
56133,28,5.6000000000000005,False
7491,28,5.6000000000000005,False
16856,28,5.6000000000000005,False
62477,28,5.6000000000000005,False
69109,28,5.6000000000000005,False
72894,28,5.6000000000000005,False
10811,28,5.6000000000000005,False
51591,28,5.6000000000000005,False
32474,28,5.6000000000000005,False
20227,28,5.6000000000000005,False
61560,28,5.6000000000000005,False
39716,28,5.6000000000000005,False
38397,28,5.6000000000000005,False
23805,28,5.6000000000000005,False
26028,28,5.6000000000000005,False
41355,28,5.6000000000000005,False
52709,28,5.6000000000000005,False
52094,28,5.6000000000000005,False
44158,28,5.6000000000000005,False
57138,28,5.6000000000000005,False
58931,28,5.6000000000000005,False
58749,28,5.6000000000000005,False
57143,28,5.6000000000000005,False
46026,28,5.6000000000000005,False
41886,28,5.6000000000000005,False
47981,28,5.6000000000000005,False
42238,28,5.6000000000000005,False
3341,28,5.6000000000000005,False
3503,28,5.6000000000000005,False
66705,28,5.6000000000000005,False
7339,28,5.6000000000000005,False
67753,28,5.6000000000000005,False
66283,28,5.6000000000000005,False
66122,28,5.6000000000000005,False
64012,28,5.6000000000000005,False
11661,28,5.6000000000000005,False
1688,28,5.6000000000000005,False
6783,28,5.6000000000000005,False
4099,28,5.6000000000000005,False
38165,28,5.6000000000000005,False
46833,28,5.6000000000000005,False
48928,28,5.6000000000000005,False
42847,28,5.6000000000000005,False
39065,28,5.6000000000000005,False
30270,28,5.6000000000000005,False
33822,28,5.6000000000000005,False
33774,28,5.6000000000000005,False
8979,28,5.6000000000000005,False
42519,28,5.6000000000000005,False
19559,28,5.6000000000000005,False
67430,28,5.6000000000000005,False
47182,28,5.6000000000000005,False
41240,28,5.6000000000000005,False
44722,28,5.6000000000000005,False
43235,28,5.6000000000000005,False
47569,28,5.6000000000000005,False
22767,28,5.6000000000000005,False
30588,28,5.6000000000000005,False
41125,28,5.6000000000000005,False
22310,28,5.6000000000000005,False
34266,28,5.6000000000000005,False
7221,27,5.4,False
32231,27,5.4,False
44769,27,5.4,False
13527,27,5.4,False
43791,27,5.4,False
13155,27,5.4,False
73110,27,5.4,False
41687,27,5.4,False
20179,27,5.4,False
54794,27,5.4,False
72944,27,5.4,False
21849,27,5.4,False
69428,27,5.4,False
33058,27,5.4,False
70482,26,5.2,False
50165,26,5.2,False
37330,26,5.2,False
52578,26,5.2,False
73389,26,5.2,False
64616,26,5.2,False
43993,26,5.2,False
64038,26,5.2,False
4728,26,5.2,False
57543,25,5.0,False
45414,25,5.0,False
55222,25,5.0,False
71391,25,5.0,False
30802,25,5.0,False
38791,25,5.0,False
16737,25,5.0,False
26436,25,5.0,False
67912,25,5.0,False
50586,25,5.0,False
48479,25,5.0,False
25785,25,5.0,False
57168,24,4.8,False
28629,24,4.8,False
36676,24,4.8,False
28432,24,4.8,False
28406,24,4.8,False
32246,24,4.8,False
36873,24,4.8,False
31973,24,4.8,False
57441,24,4.8,False
57339,24,4.8,False
37123,24,4.8,False
38804,24,4.8,False
57243,24,4.8,False
37127,24,4.8,False
37525,24,4.8,False
56389,24,4.8,False
8013,24,4.8,False
7953,24,4.8,False
7873,24,4.8,False
9948,24,4.8,False
69968,24,4.8,False
4548,24,4.8,False
4467,24,4.8,False
4415,24,4.8,False
4061,24,4.8,False
3985,24,4.8,False
36616,24,4.8,False
3858,24,4.8,False
3561,24,4.8,False
71691,24,4.8,False
2578,24,4.8,False
71603,24,4.8,False
71451,24,4.8,False
71445,24,4.8,False
71198,24,4.8,False
3874,24,4.8,False
35985,24,4.8,False
57287,24,4.8,False
8630,24,4.8,False
69593,24,4.8,False
69574,24,4.8,False
8949,24,4.8,False
5896,24,4.8,False
15862,24,4.8,False
67300,24,4.8,False
67225,24,4.8,False
14510,24,4.8,False
9514,24,4.8,False
9468,24,4.8,False
10473,24,4.8,False
9235,24,4.8,False
9124,24,4.8,False
13599,24,4.8,False
13480,24,4.8,False
69096,24,4.8,False
68990,24,4.8,False
68977,24,4.8,False
68872,24,4.8,False
9730,24,4.8,False
9631,24,4.8,False
68375,24,4.8,False
9429,24,4.8,False
56349,24,4.8,False
39002,24,4.8,False
38967,24,4.8,False
38864,24,4.8,False
8122,24,4.8,False
10243,24,4.8,False
12506,24,4.8,False
12329,24,4.8,False
12287,24,4.8,False
68502,24,4.8,False
69793,24,4.8,False
7493,24,4.8,False
7398,24,4.8,False
7349,24,4.8,False
5914,24,4.8,False
71131,24,4.8,False
70990,24,4.8,False
70819,24,4.8,False
70813,24,4.8,False
70047,24,4.8,False
4704,24,4.8,False
69848,24,4.8,False
68384,24,4.8,False
36545,24,4.8,False
55002,24,4.8,False
54620,24,4.8,False
54311,24,4.8,False
54190,24,4.8,False
54069,24,4.8,False
54057,24,4.8,False
45558,24,4.8,False
45515,24,4.8,False
45384,24,4.8,False
9532,24,4.8,False
44868,24,4.8,False
47403,24,4.8,False
47276,24,4.8,False
47088,24,4.8,False
46922,24,4.8,False
46867,24,4.8,True
46330,24,4.8,False
46278,24,4.8,False
46195,24,4.8,False
38538,24,4.8,False
38406,24,4.8,False
45072,24,4.8,False
47764,24,4.8,False
47656,24,4.8,False
47537,24,4.8,False
51820,24,4.8,False
46134,24,4.8,False
50745,24,4.8,False
50508,24,4.8,False
1184,24,4.8,False
1179,24,4.8,False
40004,24,4.8,False
55231,24,4.8,False
39669,24,4.8,False
53589,24,4.8,False
53232,24,4.8,False
53222,24,4.8,False
52894,24,4.8,False
52682,24,4.8,False
41792,24,4.8,False
4454,24,4.8,False
35594,24,4.8,False
35521,24,4.8,False
35389,24,4.8,False
39697,24,4.8,False
34333,24,4.8,False
33918,24,4.8,False
56284,24,4.8,False
56240,24,4.8,False
56171,24,4.8,False
55975,24,4.8,False
41289,24,4.8,False
40552,24,4.8,False
40401,24,4.8,False
40238,24,4.8,True
38216,24,4.8,False
43194,24,4.8,False
42558,24,4.8,False
42231,24,4.8,False
42167,24,4.8,False
37562,24,4.8,False
35632,24,4.8,False
1019,24,4.8,False
868,24,4.8,False
2934,24,4.8,False
2612,24,4.8,False
1907,24,4.8,False
43284,24,4.8,False
5809,24,4.8,False
5704,24,4.8,False
5647,24,4.8,False
5639,24,4.8,False
5429,24,4.8,False
5170,24,4.8,False
5158,24,4.8,False
72906,24,4.8,False
72683,24,4.8,False
72074,24,4.8,False
32844,24,4.8,False
1442,24,4.8,False
1349,24,4.8,False
1285,24,4.8,False
1220,24,4.8,False
73667,24,4.8,False
55701,24,4.8,False
55402,24,4.8,False
33038,24,4.8,False
33028,24,4.8,False
32916,24,4.8,False
32904,24,4.8,False
2098,24,4.8,False
59422,24,4.8,False
31444,24,4.8,False
25436,24,4.8,False
62100,24,4.8,False
61705,24,4.8,False
20984,24,4.8,False
20955,24,4.8,False
20905,24,4.8,False
20705,24,4.8,False
23688,24,4.8,False
18745,24,4.8,False
23593,24,4.8,False
26237,24,4.8,False
20154,24,4.8,False
19952,24,4.8,False
21181,24,4.8,False
21051,24,4.8,False
63538,24,4.8,False
63449,24,4.8,False
63428,24,4.8,False
20624,24,4.8,False
26665,24,4.8,False
23644,24,4.8,False
25647,24,4.8,False
25482,24,4.8,False
28124,24,4.8,False
61160,24,4.8,False
61050,24,4.8,False
60844,24,4.8,False
27902,24,4.8,False
27489,24,4.8,False
29724,24,4.8,False
29438,24,4.8,False
60473,24,4.8,False
59491,24,4.8,False
25042,24,4.8,False
24994,24,4.8,False
59659,24,4.8,False
59616,24,4.8,False
27142,24,4.8,False
60561,24,4.8,False
60555,24,4.8,False
33636,24,4.8,False
33540,24,4.8,False
57002,24,4.8,False
26316,24,4.8,False
25273,24,4.8,False
49710,24,4.8,False
49592,24,4.8,False
49515,24,4.8,False
48998,24,4.8,False
50989,24,4.8,False
50797,24,4.8,False
50110,24,4.8,False
49734,24,4.8,False
59042,24,4.8,False
39876,24,4.8,False
60325,24,4.8,False
44019,24,4.8,False
43673,24,4.8,False
43661,24,4.8,False
43440,24,4.8,False
52584,24,4.8,False
52516,24,4.8,False
52439,24,4.8,False
52137,24,4.8,False
52033,24,4.8,False
51958,24,4.8,False
51625,24,4.8,False
44122,24,4.8,False
60205,24,4.8,False
59850,24,4.8,False
59802,24,4.8,False
59700,24,4.8,False
23126,24,4.8,False
27086,24,4.8,False
26997,24,4.8,False
26866,24,4.8,False
62396,24,4.8,False
62391,24,4.8,False
62271,24,4.8,False
47956,24,4.8,False
21706,24,4.8,False
23232,24,4.8,False
24274,24,4.8,False
24109,24,4.8,False
23698,24,4.8,False
22848,24,4.8,False
29029,24,4.8,False
28933,24,4.8,False
58197,24,4.8,False
50201,24,4.8,False
48056,24,4.8,False
22011,24,4.8,False
35162,24,4.8,False
34815,24,4.8,False
34809,24,4.8,False
34552,24,4.8,False
28387,24,4.8,False
36342,24,4.8,False
36156,24,4.8,False
36050,24,4.8,False
16983,24,4.8,False
68339,24,4.8,False
65332,24,4.8,False
68233,24,4.8,False
16210,24,4.8,False
16109,24,4.8,False
67736,24,4.8,False
12180,24,4.8,False
11783,24,4.8,False
14151,24,4.8,False
13999,24,4.8,False
13782,24,4.8,False
67948,24,4.8,False
837,24,4.8,False
68270,24,4.8,False
10990,24,4.8,False
69435,24,4.8,False
15939,24,4.8,False
15912,24,4.8,False
47852,24,4.8,False
17484,24,4.8,False
17300,24,4.8,False
17044,24,4.8,False
31271,24,4.8,False
31180,24,4.8,False
58816,24,4.8,False
35899,24,4.8,False
58498,24,4.8,False
26354,24,4.8,False
26327,24,4.8,False
26323,24,4.8,False
27996,24,4.8,False
27947,24,4.8,False
59322,24,4.8,False
59141,24,4.8,False
59118,24,4.8,False
58927,24,4.8,False
58843,24,4.8,False
58504,24,4.8,False
66824,24,4.8,False
66521,24,4.8,False
22446,24,4.8,False
22428,24,4.8,False
22229,24,4.8,False
22026,24,4.8,False
63947,24,4.8,False
63575,24,4.8,False
63566,24,4.8,False
18365,24,4.8,False
18256,24,4.8,False
370,24,4.8,False
63008,24,4.8,False
22470,24,4.8,False
65034,24,4.8,False
64966,24,4.8,False
18529,24,4.8,False
18396,24,4.8,False
64469,24,4.8,False
64272,24,4.8,False
17686,24,4.8,False
17536,24,4.8,False
65351,24,4.8,False
63130,24,4.8,False
18935,24,4.8,False
18864,24,4.8,False
18844,24,4.8,False
21569,24,4.8,False
64692,24,4.8,False
15476,24,4.8,False
15031,24,4.8,False
15027,24,4.8,False
14781,24,4.8,False
19393,24,4.8,False
19126,24,4.8,False
14746,24,4.8,False
65582,24,4.8,False
65556,24,4.8,False
65424,24,4.8,False
15595,24,4.8,False
15587,24,4.8,False
15504,24,4.8,False
15489,24,4.8,True
16974,24,4.8,False
16777,24,4.8,False
16547,24,4.8,False
14771,24,4.8,False
66362,24,4.8,False
11028,23,4.6,False
68867,23,4.6,False
8900,23,4.6,False
60703,23,4.6,False
11914,23,4.6,False
35811,23,4.6,False
40243,23,4.6,False
65047,23,4.6,False
7411,22,4.3999999999999995,False
21831,22,4.3999999999999995,False
3798,22,4.3999999999999995,False
5857,22,4.3999999999999995,False
31968,22,4.3999999999999995,False
12323,22,4.3999999999999995,False
20645,22,4.3999999999999995,False
24820,22,4.3999999999999995,False
25324,22,4.3999999999999995,False
547,22,4.3999999999999995,False
57042,22,4.3999999999999995,False
3984,22,4.3999999999999995,False
64899,22,4.3999999999999995,False
64960,22,4.3999999999999995,False
21277,22,4.3999999999999995,False
58681,22,4.3999999999999995,False
31179,22,4.3999999999999995,False
41578,22,4.3999999999999995,False
33804,22,4.3999999999999995,False
46348,22,4.3999999999999995,False
20192,21,4.2,False
15136,21,4.2,False
18112,21,4.2,False
18173,21,4.2,False
18481,21,4.2,False
69567,21,4.2,False
25962,21,4.2,False
25345,21,4.2,False
66149,21,4.2,False
18568,21,4.2,False
65825,21,4.2,False
65348,21,4.2,False
7960,21,4.2,False
7917,21,4.2,False
10791,21,4.2,False
10634,21,4.2,False
10098,21,4.2,False
18713,21,4.2,False
8276,21,4.2,False
20116,21,4.2,False
8823,21,4.2,False
19963,21,4.2,False
18996,21,4.2,False
19045,21,4.2,False
8126,21,4.2,False
13044,21,4.2,False
13085,21,4.2,False
9311,21,4.2,False
71904,21,4.2,False
72117,21,4.2,False
13475,21,4.2,False
13604,21,4.2,False
13732,21,4.2,False
14376,21,4.2,False
14705,21,4.2,False
72423,21,4.2,False
72636,21,4.2,False
72707,21,4.2,False
72891,21,4.2,False
66303,21,4.2,False
71248,21,4.2,False
71688,21,4.2,False
4925,21,4.2,False
3018,21,4.2,False
3282,21,4.2,False
3383,21,4.2,False
3709,21,4.2,False
3844,21,4.2,False
16215,21,4.2,False
16441,21,4.2,False
16825,21,4.2,False
17312,21,4.2,False
14920,21,4.2,False
14983,21,4.2,False
15010,21,4.2,False
71102,21,4.2,False
43167,21,4.2,False
44822,21,4.2,False
44914,21,4.2,False
46305,21,4.2,False
67245,21,4.2,False
46361,21,4.2,False
47115,21,4.2,False
43444,21,4.2,False
52322,21,4.2,False
52706,21,4.2,False
52731,21,4.2,False
52737,21,4.2,False
53127,21,4.2,False
15177,21,4.2,False
51327,21,4.2,False
51427,21,4.2,False
55470,21,4.2,False
55982,21,4.2,False
53229,21,4.2,False
54088,21,4.2,False
54697,21,4.2,False
52117,21,4.2,False
56527,21,4.2,False
56551,21,4.2,False
55045,21,4.2,False
55213,21,4.2,False
55412,21,4.2,False
56187,21,4.2,False
51257,21,4.2,False
66733,21,4.2,False
67020,21,4.2,False
49579,21,4.2,False
67570,21,4.2,False
65085,21,4.2,False
67908,21,4.2,False
68397,21,4.2,False
68779,21,4.2,False
68969,21,4.2,False
69280,21,4.2,False
12802,21,4.2,False
15478,21,4.2,False
15491,21,4.2,False
69696,21,4.2,False
43141,21,4.2,False
70565,21,4.2,False
50131,21,4.2,False
50221,21,4.2,False
48849,21,4.2,False
57942,21,4.2,False
58885,21,4.2,False
58985,21,4.2,False
52052,21,4.2,False
49992,21,4.2,False
43774,21,4.2,False
44053,21,4.2,False
17444,21,4.2,False
42965,21,4.2,False
43029,21,4.2,False
70072,21,4.2,False
62114,21,4.2,False
62527,21,4.2,False
60008,21,4.2,False
60027,21,4.2,False
62816,21,4.2,False
62858,21,4.2,False
64077,21,4.2,False
64082,21,4.2,False
32018,21,4.2,False
32285,21,4.2,False
32349,21,4.2,False
32729,21,4.2,False
64439,21,4.2,False
20249,21,4.2,False
34732,21,4.2,False
35019,21,4.2,False
32845,21,4.2,False
32852,21,4.2,False
33323,21,4.2,False
33343,21,4.2,False
33722,21,4.2,False
33809,21,4.2,False
1445,21,4.2,False
1778,21,4.2,False
1841,21,4.2,False
2138,21,4.2,False
82,21,4.2,False
64651,21,4.2,False
39852,21,4.2,False
56444,21,4.2,False
37938,21,4.2,False
38353,21,4.2,False
48436,21,4.2,False
48789,21,4.2,False
38819,21,4.2,False
39275,21,4.2,False
39676,21,4.2,False
42582,21,4.2,False
40541,21,4.2,False
40852,21,4.2,False
41205,21,4.2,False
62005,21,4.2,False
60043,21,4.2,False
41619,21,4.2,False
41902,21,4.2,False
42494,21,4.2,False
42571,21,4.2,False
8783,21,4.2,False
1684,21,4.2,False
53943,21,4.2,False
51806,21,4.2,False
49266,21,4.2,False
6596,21,4.2,False
6275,21,4.2,False
61313,21,4.2,False
61856,21,4.2,False
38460,21,4.2,False
45921,21,4.2,False
29691,21,4.2,False
30178,21,4.2,False
30469,21,4.2,False
28312,21,4.2,False
28341,21,4.2,False
28705,21,4.2,False
28771,21,4.2,False
28864,21,4.2,False
30707,21,4.2,False
30929,21,4.2,False
31416,21,4.2,False
29590,21,4.2,False
175,21,4.2,False
44676,21,4.2,False
20441,21,4.2,False
21191,21,4.2,False
21419,21,4.2,False
23499,21,4.2,False
23608,21,4.2,False
23706,21,4.2,False
24529,21,4.2,False
25146,21,4.2,False
22195,21,4.2,False
11105,21,4.2,False
12293,21,4.2,False
12451,21,4.2,False
12635,21,4.2,False
29622,21,4.2,False
57097,21,4.2,False
33264,21,4.2,False
37986,21,4.2,False
36328,21,4.2,False
36443,21,4.2,False
36542,21,4.2,False
36806,21,4.2,False
36884,21,4.2,False
33869,21,4.2,False
34628,21,4.2,False
27077,21,4.2,False
27134,21,4.2,False
27450,21,4.2,False
6999,21,4.2,False
28135,21,4.2,False
5731,21,4.2,False
6531,21,4.2,False
6719,21,4.2,False
3882,21,4.2,False
3907,21,4.2,False
4239,21,4.2,False
4413,21,4.2,False
7457,21,4.2,False
7538,21,4.2,False
5107,21,4.2,False
5406,21,4.2,False
5666,21,4.2,False
5717,21,4.2,False
27731,21,4.2,False
69363,20,4.0,False
68624,20,4.0,False
66634,20,4.0,False
72425,20,4.0,False
56258,20,4.0,True
56756,20,4.0,False
53959,20,4.0,False
50548,20,4.0,False
43099,20,4.0,False
52290,20,4.0,False
48822,20,4.0,False
50922,20,4.0,False
25544,20,4.0,False
65977,20,4.0,False
60615,20,4.0,False
42560,20,4.0,False
64251,20,4.0,False
37829,20,4.0,False
32418,20,4.0,False
9867,20,4.0,False
13439,20,4.0,False
51825,20,4.0,False
34680,20,4.0,False
15927,20,4.0,False
61925,20,4.0,False
35981,20,4.0,False
51735,20,4.0,False
18554,20,4.0,False
31098,20,4.0,False
30556,20,4.0,False
22436,20,4.0,True
752,20,4.0,False
71300,20,4.0,False
26889,20,4.0,False
27250,19,3.8,False
20570,19,3.8,False
18059,19,3.8,False
494,19,3.8,False
41146,19,3.8,False
36918,19,3.8,False
51757,19,3.8,False
48708,19,3.8,False
2819,19,3.8,False
32041,19,3.8,False
8690,19,3.8,False
20413,19,3.8,False
60360,19,3.8,False
7307,19,3.8,False
70210,19,3.8,False
71059,19,3.8,False
57678,19,3.8,False
49967,19,3.8,False
56995,19,3.8,False
8162,19,3.8,False
41402,19,3.8,False
23395,19,3.8,False
22225,19,3.8,False
7912,18,3.5999999999999996,False
38281,18,3.5999999999999996,False
39691,18,3.5999999999999996,False
32235,18,3.5999999999999996,False
63570,18,3.5999999999999996,False
8712,18,3.5999999999999996,False
70933,18,3.5999999999999996,False
27273,18,3.5999999999999996,False
19364,18,3.5999999999999996,False
18246,18,3.5999999999999996,False
17699,18,3.5999999999999996,False
49383,18,3.5999999999999996,False
10269,18,3.5999999999999996,False
6921,18,3.5999999999999996,False
46779,18,3.5999999999999996,False
6099,18,3.5999999999999996,False
9057,18,3.5999999999999996,False
37834,18,3.5999999999999996,False
15850,18,3.5999999999999996,False
36613,18,3.5999999999999996,False
64259,17,3.4000000000000004,False
58528,17,3.4000000000000004,False
67313,17,3.4000000000000004,False
73430,17,3.4000000000000004,False
9678,17,3.4000000000000004,False
3439,17,3.4000000000000004,False
47359,17,3.4000000000000004,False
48707,17,3.4000000000000004,False
39052,17,3.4000000000000004,False
70079,17,3.4000000000000004,False
43480,17,3.4000000000000004,False
65201,17,3.4000000000000004,False
15285,17,3.4000000000000004,False
5457,17,3.4000000000000004,False
4391,17,3.4000000000000004,False
7106,17,3.4000000000000004,False
5510,17,3.4000000000000004,False
44875,17,3.4000000000000004,False
26351,17,3.4000000000000004,False
24367,17,3.4000000000000004,False
11094,17,3.4000000000000004,False
71153,17,3.4000000000000004,False
56741,17,3.4000000000000004,False
59307,17,3.4000000000000004,False
50708,17,3.4000000000000004,False
12031,17,3.4000000000000004,False
35499,17,3.4000000000000004,False
55925,17,3.4000000000000004,False
64196,17,3.4000000000000004,False
10078,17,3.4000000000000004,False
13888,17,3.4000000000000004,False
64854,17,3.4000000000000004,False
55419,16,3.2,False
47890,16,3.2,False
39945,16,3.2,False
64926,16,3.2,False
35130,16,3.2,False
71199,16,3.2,False
26073,16,3.2,False
16559,16,3.2,False
62376,16,3.2,False
55862,16,3.2,False
56673,16,3.2,False
56148,16,3.2,False
38943,16,3.2,False
17947,16,3.2,False
38425,16,3.2,False
35853,16,3.2,False
64856,16,3.2,False
41529,15,3.0,False
68951,15,3.0,False
72858,15,3.0,False
54067,15,3.0,False
47824,15,3.0,False
49980,15,3.0,False
25416,15,3.0,False
2603,15,3.0,False
34285,15,3.0,False
61470,15,3.0,False
33000,15,3.0,False
29733,15,3.0,False
37769,15,3.0,False
40425,15,3.0,False
6919,15,3.0,False
63501,15,3.0,False
12761,15,3.0,False
46498,15,3.0,False
10733,15,3.0,False
8658,14,2.8000000000000003,False
16944,14,2.8000000000000003,False
36079,14,2.8000000000000003,False
59055,14,2.8000000000000003,False
48106,14,2.8000000000000003,False
47100,14,2.8000000000000003,False
43105,14,2.8000000000000003,False
23187,14,2.8000000000000003,False
68395,14,2.8000000000000003,False
55772,14,2.8000000000000003,False
53661,14,2.8000000000000003,False
50644,14,2.8000000000000003,False
28125,14,2.8000000000000003,False
61730,14,2.8000000000000003,False
60637,14,2.8000000000000003,False
40196,14,2.8000000000000003,False
37691,14,2.8000000000000003,False
39320,13,2.6,False
28865,13,2.6,False
38349,13,2.6,False
52653,13,2.6,False
4794,13,2.6,False
25656,13,2.6,False
32008,13,2.6,False
35376,13,2.6,False
19469,13,2.6,False
7903,13,2.6,False
30007,13,2.6,False
48114,13,2.6,False
68355,13,2.6,False
54654,13,2.6,False
63559,13,2.6,False
30870,13,2.6,False
26016,13,2.6,False
10185,13,2.6,False
33261,13,2.6,False
19301,12,2.4,False
30264,12,2.4,False
67065,12,2.4,False
11198,12,2.4,False
62724,12,2.4,False
67023,12,2.4,False
64855,12,2.4,False
6984,12,2.4,False
62019,12,2.4,False
38032,12,2.4,False
16851,12,2.4,False
1289,12,2.4,False
23282,12,2.4,False
56806,12,2.4,False
51688,12,2.4,False
48203,12,2.4,False
36504,11,2.1999999999999997,False
31059,11,2.1999999999999997,False
63535,11,2.1999999999999997,False
3164,11,2.1999999999999997,False
7809,11,2.1999999999999997,False
44626,11,2.1999999999999997,False
29145,11,2.1999999999999997,False
71167,11,2.1999999999999997,False
30280,11,2.1999999999999997,False
37387,11,2.1999999999999997,False
7294,11,2.1999999999999997,False
42802,10,2.0,False
49867,10,2.0,False
53373,10,2.0,False
38847,10,2.0,False
23855,10,2.0,False
13921,10,2.0,False
63409,10,2.0,False
9421,10,2.0,False
44309,10,2.0,False
3200,10,2.0,False
10396,10,2.0,False
57492,10,2.0,False
11217,10,2.0,False
11274,10,2.0,False
54963,10,2.0,False
61551,10,2.0,False
69391,10,2.0,False
73078,10,2.0,False
19404,10,2.0,False
17896,9,1.7999999999999998,False
45171,9,1.7999999999999998,False
63359,9,1.7999999999999998,False
2695,9,1.7999999999999998,False
63262,9,1.7999999999999998,False
41994,9,1.7999999999999998,False
2168,9,1.7999999999999998,False
19181,9,1.7999999999999998,False
24029,9,1.7999999999999998,False
66720,9,1.7999999999999998,False
46791,9,1.7999999999999998,False
6465,9,1.7999999999999998,False
46324,9,1.7999999999999998,False
61078,9,1.7999999999999998,False
61720,9,1.7999999999999998,False
43339,9,1.7999999999999998,False
54023,9,1.7999999999999998,False
23514,9,1.7999999999999998,False
36278,9,1.7999999999999998,False
48845,9,1.7999999999999998,False
7240,9,1.7999999999999998,False
43730,8,1.6,False
60335,8,1.6,False
41710,8,1.6,False
47857,8,1.6,False
33081,8,1.6,False
62444,8,1.6,False
11519,8,1.6,False
37771,8,1.6,False
48204,8,1.6,False
41201,8,1.6,False
1308,8,1.6,False
30614,8,1.6,False
30819,8,1.6,False
58571,8,1.6,False
17211,8,1.6,False
72139,8,1.6,False
65722,8,1.6,False
4365,8,1.6,False
46094,8,1.6,False
61275,8,1.6,False
57718,8,1.6,False
2473,8,1.6,False
52142,8,1.6,False
58909,7,1.4000000000000001,False
27089,7,1.4000000000000001,False
43565,7,1.4000000000000001,False
17377,7,1.4000000000000001,False
32699,7,1.4000000000000001,False
11260,7,1.4000000000000001,False
12277,7,1.4000000000000001,False
56936,7,1.4000000000000001,False
64635,7,1.4000000000000001,False
14425,7,1.4000000000000001,False
68828,7,1.4000000000000001,False
14818,7,1.4000000000000001,False
37240,7,1.4000000000000001,False
59970,7,1.4000000000000001,False
55685,7,1.4000000000000001,False
40578,7,1.4000000000000001,False
42735,7,1.4000000000000001,False
16800,7,1.4000000000000001,False
14997,7,1.4000000000000001,False
19176,7,1.4000000000000001,False
25500,7,1.4000000000000001,False
14494,7,1.4000000000000001,False
37480,7,1.4000000000000001,False
66187,7,1.4000000000000001,False
35079,6,1.2,False
16234,6,1.2,False
23353,6,1.2,False
59050,6,1.2,False
32823,6,1.2,False
32704,6,1.2,False
18896,6,1.2,False
1842,6,1.2,False
37314,6,1.2,False
43863,6,1.2,False
71615,6,1.2,False
58627,6,1.2,False
49970,6,1.2,False
33219,6,1.2,False
64587,6,1.2,False
15774,6,1.2,False
4082,6,1.2,False
62149,6,1.2,False
38752,6,1.2,False
5019,6,1.2,False
60942,6,1.2,False
11802,6,1.2,False
56991,6,1.2,False
51436,6,1.2,False
52921,6,1.2,False
49716,6,1.2,False
62957,6,1.2,False
21027,6,1.2,False
13455,5,1.0,False
59816,5,1.0,False
53601,5,1.0,False
53308,5,1.0,False
36387,5,1.0,False
72231,5,1.0,False
58090,5,1.0,False
64902,5,1.0,False
34626,5,1.0,False
42732,5,1.0,False
59476,5,1.0,False
43810,5,1.0,False
293,5,1.0,False
21663,5,1.0,False
62898,5,1.0,False
20324,5,1.0,False
18085,5,1.0,False
24989,5,1.0,False
5064,5,1.0,False
44760,5,1.0,False
43135,5,1.0,False
63719,5,1.0,False
32160,5,1.0,False
53853,5,1.0,False
13878,5,1.0,False
13066,5,1.0,False
13312,5,1.0,False
72767,5,1.0,False
16374,5,1.0,False
26371,5,1.0,False
14277,5,1.0,False
10277,5,1.0,False
24769,5,1.0,False
15778,5,1.0,False
60191,5,1.0,False
50413,5,1.0,False
29321,4,0.8,False
49043,4,0.8,False
30463,4,0.8,False
60576,4,0.8,False
72857,4,0.8,False
13425,4,0.8,False
60404,4,0.8,False
30803,4,0.8,False
32017,4,0.8,False
42534,4,0.8,False
58598,4,0.8,False
58270,4,0.8,False
70271,4,0.8,False
71807,4,0.8,False
64771,4,0.8,False
46425,4,0.8,False
57170,4,0.8,False
55631,4,0.8,False
46510,4,0.8,False
58719,4,0.8,False
55657,4,0.8,False
49108,4,0.8,False
52318,4,0.8,False
29164,4,0.8,False
21138,4,0.8,False
28948,4,0.8,False
21713,4,0.8,False
64603,4,0.8,False
21776,4,0.8,False
43009,4,0.8,False
54087,4,0.8,False
560,4,0.8,False
11435,4,0.8,False
64119,4,0.8,False
44470,4,0.8,False
72030,4,0.8,False
25477,4,0.8,False
55268,4,0.8,False
5223,4,0.8,False
26255,4,0.8,False
12759,4,0.8,False
2675,4,0.8,False
1176,4,0.8,False
21647,4,0.8,False
70001,4,0.8,False
67418,3,0.6,False
6779,3,0.6,False
33735,3,0.6,False
25388,3,0.6,False
34947,3,0.6,False
21495,3,0.6,False
47374,3,0.6,False
35691,3,0.6,False
60582,3,0.6,False
62970,3,0.6,False
8133,3,0.6,False
26500,3,0.6,False
33355,3,0.6,False
35622,3,0.6,False
37385,3,0.6,False
41525,3,0.6,False
48782,3,0.6,False
48539,3,0.6,False
481,3,0.6,False
55724,3,0.6,False
47915,3,0.6,False
38720,3,0.6,False
4418,3,0.6,False
69565,3,0.6,False
23369,3,0.6,False
30049,3,0.6,False
65828,3,0.6,False
60789,3,0.6,False
39204,3,0.6,False
44334,3,0.6,False
63317,3,0.6,False
60163,3,0.6,False
1947,3,0.6,False
66978,3,0.6,False
60189,3,0.6,False
62381,3,0.6,False
5556,3,0.6,False
7182,3,0.6,False
2565,3,0.6,False
11845,3,0.6,False
6766,3,0.6,False
24152,3,0.6,False
9790,3,0.6,False
48637,3,0.6,False
62913,3,0.6,False
20685,3,0.6,False
34360,2,0.4,False
46061,2,0.4,False
7246,2,0.4,False
24043,2,0.4,False
57977,2,0.4,False
72484,2,0.4,False
67187,2,0.4,False
43202,2,0.4,False
47844,2,0.4,False
28161,2,0.4,False
62145,2,0.4,False
18250,2,0.4,False
60079,2,0.4,False
59137,2,0.4,False
48738,2,0.4,False
45136,2,0.4,False
16260,2,0.4,False
62983,2,0.4,False
49122,2,0.4,False
33616,2,0.4,False
27997,2,0.4,False
15011,2,0.4,False
47128,2,0.4,False
70525,2,0.4,False
17269,2,0.4,False
66195,2,0.4,False
33307,2,0.4,False
27324,2,0.4,False
2609,2,0.4,False
61395,2,0.4,False
31773,2,0.4,False
15340,2,0.4,False
5959,2,0.4,False
29634,2,0.4,False
65315,2,0.4,False
67318,2,0.4,False
61385,2,0.4,False
64788,2,0.4,False
19211,2,0.4,False
45815,2,0.4,False
36795,2,0.4,True
54808,2,0.4,False
59755,2,0.4,False
1063,2,0.4,False
35544,2,0.4,False
35955,2,0.4,False
54982,2,0.4,False
19062,2,0.4,False
30089,2,0.4,False
26743,2,0.4,False
3140,2,0.4,False
3002,2,0.4,False
33301,2,0.4,False
40052,2,0.4,False
35219,2,0.4,False
17535,2,0.4,False
24613,2,0.4,False
22739,2,0.4,False
14350,2,0.4,False
23088,2,0.4,False
16794,2,0.4,False
16001,2,0.4,False
40195,2,0.4,False
31300,2,0.4,False
3906,2,0.4,False
64554,2,0.4,False
7736,2,0.4,False
47864,2,0.4,False
48999,2,0.4,False
64341,2,0.4,False
24381,2,0.4,False
27345,2,0.4,False
10923,2,0.4,False
19095,2,0.4,False
23045,2,0.4,False
33803,2,0.4,False
40312,2,0.4,False
53798,2,0.4,False
17375,2,0.4,False
48944,2,0.4,False
28469,2,0.4,False
55029,2,0.4,False
1924,2,0.4,False
32930,2,0.4,False
24148,2,0.4,False
71653,2,0.4,False
66965,2,0.4,False
63435,2,0.4,False
64606,2,0.4,False
31302,2,0.4,False
12117,2,0.4,False
63628,2,0.4,False
61001,2,0.4,False
51804,2,0.4,False
22282,1,0.2,False
2993,1,0.2,False
831,1,0.2,False
44222,1,0.2,False
37636,1,0.2,False
40496,1,0.2,False
11221,1,0.2,False
44529,1,0.2,False
21782,1,0.2,False
58781,1,0.2,False
62299,1,0.2,False
65950,1,0.2,False
19055,1,0.2,False
23040,1,0.2,False
31448,1,0.2,False
31203,1,0.2,False
7751,1,0.2,False
67211,1,0.2,False
30877,1,0.2,False
32631,1,0.2,False
35841,1,0.2,False
38199,1,0.2,False
47983,1,0.2,False
64384,1,0.2,False
71178,1,0.2,False
25476,1,0.2,False
1057,1,0.2,False
62237,1,0.2,False
5426,1,0.2,False
67543,1,0.2,False
1196,1,0.2,False
20659,1,0.2,False
33010,1,0.2,False
33565,1,0.2,False
34296,1,0.2,False
35921,1,0.2,False
37460,1,0.2,False
40953,1,0.2,False
17019,1,0.2,False
64143,1,0.2,False
66376,1,0.2,False
59519,1,0.2,False
60937,1,0.2,False
32635,1,0.2,False
35396,1,0.2,False
36598,1,0.2,False
27398,1,0.2,False
29122,1,0.2,False
21865,1,0.2,False
67747,1,0.2,False
69444,1,0.2,False
6666,1,0.2,False
28482,1,0.2,False
44414,1,0.2,False
13058,1,0.2,False
21245,1,0.2,False
29451,1,0.2,False
37173,1,0.2,False
60899,1,0.2,False
68187,1,0.2,False
3115,1,0.2,False
7056,1,0.2,False
22453,1,0.2,False
20234,1,0.2,False
46110,1,0.2,False
4988,1,0.2,False
31856,1,0.2,False
39628,1,0.2,False
17546,1,0.2,False
47450,1,0.2,False
60117,1,0.2,False
1884,1,0.2,False
18108,1,0.2,False
32095,1,0.2,False
46518,1,0.2,False
41142,1,0.2,False
27693,1,0.2,False
3033,1,0.2,False
28111,1,0.2,False
50549,1,0.2,False
32555,1,0.2,False
34819,1,0.2,False
45473,1,0.2,False
365,1,0.2,False
2341,1,0.2,False
57415,1,0.2,False
54551,1,0.2,False
30278,1,0.2,False
42840,1,0.2,False
3161,1,0.2,False
53143,1,0.2,False
48401,1,0.2,False
10944,1,0.2,False
17816,1,0.2,False
18766,1,0.2,False
22311,1,0.2,False
38994,1,0.2,False
71641,1,0.2,False
73485,1,0.2,False
13730,1,0.2,False
21911,1,0.2,False
59602,1,0.2,False
17348,1,0.2,False
69336,1,0.2,False
4963,1,0.2,False
8727,1,0.2,False
13209,1,0.2,False
17849,1,0.2,False
21172,1,0.2,False
26836,1,0.2,False
37013,1,0.2,False
64858,1,0.2,False
28364,1,0.2,False
31550,1,0.2,False
24235,1,0.2,False
9046,1,0.2,False
64630,1,0.2,False
11733,1,0.2,False
13487,1,0.2,False
41926,1,0.2,False
45572,1,0.2,False
67135,1,0.2,False
44708,1,0.2,False
1694,1,0.2,False
36020,1,0.2,False
47893,1,0.2,False
24738,1,0.2,False
54940,1,0.2,False
17134,1,0.2,False
31588,1,0.2,False
28155,1,0.2,False
38009,1,0.2,False
42195,1,0.2,False
45207,1,0.2,False
67953,1,0.2,False
25053,1,0.2,False
23312,1,0.2,False
32957,1,0.2,False
3364,1,0.2,False
12884,1,0.2,False
21045,1,0.2,False
2028,1,0.2,False
63056,1,0.2,False
1743,1,0.2,False
31048,1,0.2,False
59409,1,0.2,False
11352,1,0.2,False
64323,1,0.2,False
8858,1,0.2,False
16699,1,0.2,False
72872,1,0.2,False
36932,1,0.2,False
51369,1,0.2,False
6796,1,0.2,False
16528,1,0.2,False
23361,1,0.2,False
27655,1,0.2,False
44182,1,0.2,False
62611,1,0.2,False
35581,1,0.2,False
26251,1,0.2,False
20343,1,0.2,False
69445,1,0.2,False
42811,1,0.2,False
21080,1,0.2,False
46659,1,0.2,False
29699,1,0.2,False
36626,1,0.2,False
60849,1,0.2,False
