feature_idx,l1_norm_base,l1_norm_it,l2_norm_base,l2_norm_it,delta_l1_norm,delta_l2_norm,cosine_similarity,l1_norm_base_enc,l1_norm_it_enc,l2_norm_base_enc,l2_norm_it_enc,delta_l1_norm_enc,delta_l2_norm_enc,cosine_similarity_enc
30485,33.74836,44.04757,1.0358546,1.2112026,0.6169101,0.5723859,-0.30138576,24.283548,20.928625,0.6457286,0.55815226,0.43092188,0.43218797,-0.51531106
24740,40.026344,41.13047,1.1223472,1.1039529,0.51342225,0.4918054,-0.28278568,31.588284,27.324907,0.8310078,0.7192521,0.4325165,0.43275896,0.07397474
8434,50.021854,41.02114,1.3486568,1.114426,0.41003218,0.41316146,-0.103749946,31.400127,18.73394,0.8179144,0.49736986,0.29830992,0.3040476,-0.081241935
38099,51.3771,37.287395,1.4395766,1.130333,0.3628795,0.39259213,-0.016975425,36.381218,26.171059,0.94748765,0.682396,0.35967815,0.36010814,0.24232769
47194,52.171776,41.749107,1.3781667,1.1144837,0.400112,0.40433562,-0.016844314,40.680435,27.087406,1.0474312,0.7095787,0.33292916,0.3387233,0.2475678
54960,47.696404,47.416275,1.2738844,1.254631,0.49706343,0.49244305,-0.014653586,42.43795,42.194187,1.1024115,1.1051482,0.497128,0.50123817,0.41469517
44458,40.17166,46.167797,1.0702982,1.2220546,0.5649385,0.5620907,0.0005739173,48.350853,42.569435,1.2495016,1.1016345,0.4402139,0.44082958,0.49778128
71975,38.497288,50.743664,1.0159454,1.3916727,0.620669,0.6349913,0.0041145105,31.709745,33.48696,0.83399576,0.87166333,0.5265359,0.52160674,0.26611263
16759,45.343033,45.25433,1.2659234,1.2575028,0.49902186,0.49667412,0.029910073,27.296852,40.89028,0.7148612,1.0670365,0.66621834,0.66502494,0.10162115
1475,41.183395,51.715553,1.103596,1.399869,0.60182774,0.60582167,0.03133718,38.369553,37.00664,1.0007789,0.96606547,0.48223966,0.48265678,0.39594054
44124,45.007366,47.28427,1.214526,1.3736084,0.52407676,0.5579067,0.04453946,31.668697,35.673958,0.8313083,0.9274086,0.556137,0.55181116,0.36406466
61123,40.111847,44.34639,1.0896691,1.194586,0.5477439,0.5439135,0.046740845,39.70582,36.35997,1.0255,0.94138914,0.45786703,0.45899028,0.38563204
71620,38.64356,53.070457,1.0562212,1.4238206,0.63592213,0.62908906,0.05072193,37.229607,35.81473,0.9674549,0.9415019,0.48099798,0.486587,0.19181469
72822,49.612644,49.751087,1.3315504,1.3363137,0.50139135,0.5017823,0.0645063,41.677628,33.315155,1.0720893,0.8691713,0.3996767,0.4053633,0.40186572
56411,39.581436,45.438072,1.0477617,1.2150716,0.56444633,0.5688478,0.065141544,47.672848,45.41899,1.2364068,1.1688159,0.47636122,0.47266638,0.49972686
56286,42.44352,45.494835,1.144939,1.1979936,0.53353477,0.5221431,0.06622652,43.954613,42.80684,1.1356671,1.0922862,0.48694366,0.4809007,0.63143075
34990,39.317596,48.737045,1.0341967,1.2818117,0.5966354,0.5965879,0.07088314,43.751877,46.522343,1.1366543,1.1914393,0.5297756,0.5229911,0.679737
47578,38.05945,49.616993,1.0298625,1.3135846,0.6164676,0.60799533,0.071654335,46.81299,44.939083,1.2078768,1.1580023,0.4799852,0.47935447,0.6146786
59226,56.563683,45.125134,1.4962943,1.2360407,0.39888787,0.41303396,0.07809371,44.27127,39.29639,1.1466881,0.99960685,0.44381368,0.43586692,0.6061574
15123,43.74647,50.521187,1.1807009,1.3641642,0.56704825,0.5672439,0.082730316,27.944609,29.237028,0.73352355,0.76306707,0.5221024,0.5193584,0.2264648
22444,40.265347,52.403877,1.0770512,1.4064066,0.6158171,0.6170911,0.09486158,29.61216,29.0882,0.7690694,0.7568976,0.49115294,0.4920867,0.17152041
20695,42.183628,45.450623,1.1030577,1.2092003,0.53594005,0.5438895,0.101382986,45.738106,44.302376,1.1794115,1.1488923,0.48430488,0.48706165,0.69573975
12296,38.675922,42.554523,1.0270959,1.1182986,0.54557216,0.54077744,0.10231263,45.40909,47.015636,1.1667486,1.2061195,0.51708525,0.5163213,0.66221166
12918,42.400253,48.14197,1.1091248,1.2639912,0.5596332,0.5612609,0.104221754,45.99888,46.300865,1.1939315,1.1955044,0.50326115,0.50065786,0.710464
15000,42.209373,41.79451,1.1195393,1.1021917,0.49508566,0.49225235,0.1060729,45.94977,43.80982,1.172448,1.1165916,0.4767142,0.47617954,0.69917876
40841,39.62909,41.837246,1.0446961,1.108377,0.52638984,0.5287271,0.11001118,43.12923,41.601555,1.1039698,1.0717187,0.48228955,0.4853931,0.60964525
39254,48.000473,54.20852,1.2720957,1.4265544,0.5572608,0.554137,0.111245885,40.48694,37.928333,1.0392051,0.97227925,0.4684021,0.4677995,0.6010841
37026,37.981308,46.385693,1.0062243,1.2550874,0.59059244,0.5991417,0.11322491,40.55535,43.55323,1.0540769,1.1126825,0.53441626,0.52633524,0.5899021
30311,45.067818,45.722816,1.1805452,1.2119968,0.5071627,0.5129751,0.12006411,39.537594,39.049606,1.022718,1.0043488,0.4938288,0.49101943,0.5649264
19760,39.673016,47.179474,1.0376912,1.2479945,0.5795522,0.58425653,0.13015082,46.697205,43.444912,1.2096348,1.1216223,0.4651768,0.46362025,0.56183714
10159,38.750397,41.618786,1.0406249,1.1027285,0.53446025,0.5281591,0.13816041,46.86313,43.642517,1.2338783,1.1456335,0.4656381,0.46424088,0.42147133
16824,46.9251,49.25642,1.2454542,1.3438244,0.52366513,0.5366008,0.13916837,46.178955,32.314888,1.1980143,0.8387037,0.3498876,0.35003912,0.044817843
15489,43.938107,44.640472,1.1689483,1.1915576,0.5078669,0.50948733,0.13933977,31.47343,24.91986,0.82467735,0.6523783,0.39588726,0.3955355,0.18993725
33938,36.982475,51.844772,1.0204085,1.3991948,0.64333457,0.6353587,0.14141071,40.609184,21.540604,1.0624889,0.5643015,0.26521838,0.2655564,0.24058929
42400,44.6204,46.923664,1.2012789,1.2976456,0.5245427,0.53713137,0.14217475,35.249233,28.11036,0.91619265,0.7388616,0.39873716,0.40322393,0.14600872
60846,49.882664,42.69078,1.3539767,1.1716907,0.427912,0.43268496,0.14391342,33.674446,25.557964,0.87729686,0.6860821,0.37948602,0.3910205,0.27301443
56258,44.806793,49.96986,1.1604717,1.297843,0.5516618,0.5529229,0.14883158,46.35412,47.067146,1.1985811,1.2253773,0.50757456,0.5109339,0.6696084
14077,44.52845,43.98826,1.2519838,1.2176129,0.4939343,0.48627344,0.14919274,23.37738,42.199535,0.60919464,1.1104846,0.72301376,0.72570777,0.16264287
40238,39.10774,52.536453,1.0698085,1.3940431,0.6278038,0.6162929,0.15292013,41.372536,40.16459,1.0754881,1.0339994,0.4854016,0.4807117,0.57090706
35747,45.280678,48.359703,1.1895598,1.2859584,0.5318346,0.53748125,0.15409346,42.743706,41.222183,1.096752,1.0803833,0.48220178,0.49253762,0.56920516
38558,51.070717,45.43502,1.3555808,1.2127268,0.44482458,0.44730896,0.15513152,41.72645,34.873573,1.0838604,0.90220505,0.41788328,0.41619983,0.48441115
34427,39.074516,43.792572,1.0113864,1.1422375,0.55386823,0.55727845,0.15877685,47.8196,46.478065,1.2155651,1.1957653,0.48597297,0.4918557,0.5942885
52795,37.982918,45.781197,1.0097793,1.2153647,0.585169,0.5845776,0.1589129,42.621803,42.787598,1.1106778,1.1136009,0.5019374,0.50131243,0.4699383
12233,39.2876,50.18839,1.0586334,1.3320285,0.6085987,0.6026236,0.16844264,45.40951,45.014698,1.1708754,1.1533072,0.49565274,0.49249783,0.6410612
60112,42.286537,41.445488,1.1086403,1.1050526,0.49005535,0.4983819,0.17384008,36.91962,23.59901,0.9682063,0.6122657,0.31959987,0.31618556,0.0997602
50649,46.37851,52.383583,1.2336215,1.4262507,0.5573183,0.5675299,0.17681715,42.550957,36.844543,1.1023995,0.9512523,0.43294612,0.43144625,0.5054749
6668,39.750042,48.3938,1.0504845,1.28407,0.5893065,0.59095514,0.18250215,43.4787,43.8533,1.1127499,1.1281055,0.50427103,0.5068059,0.7216536
36336,47.975063,41.439934,1.2587767,1.1053046,0.43189037,0.4390392,0.18500069,44.4338,38.402702,1.1537143,0.99229974,0.4321339,0.4300457,0.5636288
16482,41.073143,41.3687,1.11397,1.1239107,0.5035722,0.50442237,0.18806954,39.606445,34.63596,1.0369841,0.9125899,0.43725157,0.44002116,0.3514341
11335,39.222763,49.82498,1.0317156,1.3175582,0.6063946,0.6084744,0.19455102,46.791897,43.65708,1.1933961,1.1253126,0.46650258,0.4714749,0.6460645
29983,40.732525,44.5355,1.0969548,1.1787149,0.542696,0.53468186,0.201332,43.16238,43.6236,1.1291578,1.1273103,0.50528634,0.4991819,0.6410298
25435,40.63549,49.275158,1.0764954,1.3121762,0.5876676,0.5898053,0.2013836,42.661892,40.05461,1.0948875,1.0274066,0.46944252,0.46918362,0.6460279
39186,42.41089,48.34532,1.1439794,1.306349,0.56137544,0.5621463,0.20423111,31.571533,26.179445,0.8192946,0.6876337,0.41460523,0.41964984,0.1702642
2169,40.857864,44.494297,1.0863798,1.1743587,0.54086405,0.5374583,0.20437665,46.333054,46.592564,1.194193,1.1990924,0.5027849,0.50204295,0.68281364
2171,41.280396,51.296925,1.0790621,1.3480636,0.5976328,0.5997733,0.21617597,46.330116,46.202015,1.1838977,1.1858416,0.49861753,0.5008196,0.7148729
58580,56.815956,40.888275,1.5373211,1.1513216,0.35983092,0.37445712,0.22208771,33.330956,22.101711,0.8783833,0.61004436,0.33154932,0.3472541,-0.053166367
51819,47.07579,51.656265,1.3023096,1.4339913,0.5443361,0.5459144,0.23023248,32.273468,39.46704,0.8432288,1.0312091,0.59113395,0.5911456,0.48335153
50686,40.16146,47.63817,1.0978944,1.2841429,0.5784739,0.5725186,0.23117556,38.64224,37.60858,0.9924527,0.9791369,0.48662528,0.49329147,0.5882286
20132,39.71082,48.37661,1.0509558,1.2778561,0.58956593,0.58878165,0.23225576,42.01168,44.415688,1.0692053,1.1366558,0.5270626,0.5296706,0.645002
7022,38.706932,46.176506,1.005913,1.2001472,0.58088064,0.58092093,0.2352032,42.999672,43.918083,1.1197163,1.1297016,0.51045597,0.50441945,0.5872914
3639,39.7606,34.9542,1.1366817,1.2700092,0.43955827,0.5524908,0.23523763,47.794792,18.049328,1.2695173,0.49751094,0.18882108,0.1959449,0.02917802
65378,42.411064,44.071785,1.1371875,1.2010909,0.5188411,0.52660227,0.23619257,37.15071,32.028625,0.96950775,0.8370085,0.4310634,0.43166673,0.3048458
47725,41.456375,42.12917,1.1012363,1.1178739,0.5079849,0.50744164,0.23913862,45.341408,42.553665,1.1574872,1.0899786,0.4692583,0.4708383,0.6030134
10531,39.636078,42.398663,1.0442395,1.1119763,0.5325787,0.5304578,0.24525268,47.864025,46.08957,1.2373081,1.192568,0.48146358,0.48192036,0.7449506
25454,42.97525,42.06665,1.1355245,1.1206509,0.4894288,0.49345076,0.24543025,44.111977,41.88134,1.1370649,1.0896881,0.4747162,0.47916704,0.6297517
54274,39.45375,44.538246,1.0450922,1.1837991,0.5570801,0.5585855,0.245527,46.041756,45.485207,1.1883731,1.194053,0.49395603,0.50237846,0.5531595
16021,46.227654,50.260155,1.2721819,1.4383825,0.5401163,0.5577735,0.25610343,37.526016,22.198685,0.9935581,0.59345573,0.29577726,0.29865175,0.050288778
18502,37.496998,52.178368,1.0278664,1.4134743,0.6406845,0.6364043,0.25817788,26.298563,30.909538,0.6927991,0.8029268,0.57458824,0.5685789,0.116910875
9556,41.134422,43.512253,1.1025306,1.1410763,0.52732366,0.51689005,0.25926298,45.927193,45.105324,1.1805304,1.1661425,0.49105248,0.49390614,0.65855336
66498,38.132652,43.497925,1.0063998,1.1541759,0.56167275,0.564018,0.26078022,44.151085,43.410713,1.1339426,1.1161331,0.49161547,0.4921471,0.7105953
19415,47.82841,41.491936,1.305943,1.1642125,0.43375826,0.44573632,0.26170954,31.842808,24.38017,0.83863956,0.6404487,0.38282067,0.38183787,-0.18603116
10208,38.885647,47.26545,1.0394068,1.2691888,0.5886462,0.5905232,0.2646902,41.08602,40.183563,1.0548717,1.0426736,0.48901746,0.4942182,0.60062
71313,37.754387,44.018127,1.0094377,1.1638454,0.5711496,0.56633514,0.2653371,43.606117,44.190697,1.1230121,1.1445324,0.50661427,0.5094014,0.6115153
7089,42.906895,55.245872,1.136011,1.4556835,0.6116733,0.60980153,0.26699108,48.213318,46.104553,1.2401389,1.1777763,0.47813088,0.47485662,0.61242354
31244,37.963875,43.448517,1.0183975,1.1448001,0.56311655,0.5552073,0.27561256,45.88773,45.71646,1.1916584,1.1840892,0.49813384,0.4968241,0.73595655
40451,43.786423,45.825905,1.1761473,1.2186979,0.5222525,0.51745737,0.28090343,26.845364,29.377449,0.70047253,0.76793253,0.5430957,0.54392314,0.08683455
42186,38.40355,45.731598,1.024621,1.2234203,0.5801202,0.5812473,0.28137016,44.675606,44.71369,1.1496006,1.1412492,0.5004259,0.49636766,0.72433925
8889,39.162857,41.559288,1.0373452,1.1229416,0.5288315,0.5381126,0.28146094,45.540977,44.848328,1.1682336,1.1477962,0.4923953,0.49125284,0.6659334
54625,39.74523,61.504562,1.0965952,1.6817969,0.67689204,0.6739811,0.2817638,29.016068,35.776245,0.75980616,0.93125945,0.5944786,0.59205455,0.114160426
33670,38.929893,44.88874,1.0249193,1.1905264,0.5663735,0.56955206,0.28263634,45.679718,45.611828,1.1903307,1.1830479,0.49925688,0.49694082,0.73947
66898,40.700195,48.800674,1.0634733,1.2734262,0.58299553,0.5824362,0.2829125,44.585526,44.724846,1.1323022,1.1393607,0.5015575,0.5030976,0.79314053
56565,40.813087,49.447754,1.0691813,1.3023945,0.587311,0.5895325,0.28866678,46.68833,45.635567,1.2035749,1.1865071,0.4887256,0.49290955,0.61407113
38631,39.61211,43.982357,1.0512404,1.1581613,0.54968184,0.54615974,0.292693,44.720207,44.39933,1.1439042,1.1299169,0.4964124,0.49388614,0.7961497
715,44.5559,41.298275,1.1922933,1.1339338,0.4634434,0.47552636,0.29424474,35.044403,31.52053,0.92799586,0.8279985,0.44972277,0.44612187,0.40816453
24689,38.892036,47.562546,1.0104295,1.2433236,0.5911485,0.59365785,0.29459298,47.12094,48.43158,1.2350061,1.2631446,0.51353085,0.51113826,0.7651072
54200,38.20404,48.43819,1.0061637,1.3066684,0.60564137,0.61498886,0.29466397,36.24886,35.36477,0.952248,0.93396497,0.48780528,0.49040008,0.2857407
52399,37.452686,42.761856,1.0596999,1.2161878,0.56207836,0.56433547,0.29678828,41.69886,19.194443,1.1114227,0.5134244,0.2301555,0.23097622,0.10209853
70956,41.21313,41.758766,1.0887173,1.1061988,0.5065332,0.5079016,0.2998727,42.788887,37.789204,1.1148633,0.97919554,0.44157732,0.43915498,0.5623535
27547,45.520157,44.44951,1.2051221,1.1684008,0.48823985,0.48476446,0.29994544,45.491615,45.072365,1.1751568,1.1600412,0.495392,0.4935687,0.73203236
48786,38.96351,47.512142,1.0290505,1.2563931,0.5899626,0.5904743,0.3008173,44.598362,43.713615,1.1463518,1.1333835,0.49008095,0.49434367,0.68747413
52240,37.983505,49.93006,1.0136962,1.333866,0.6196329,0.62001574,0.30447742,36.240196,37.608994,0.9351911,0.9667076,0.5181977,0.5163009,0.49710703
50723,39.216003,54.50895,1.0319616,1.4512354,0.64027923,0.6444541,0.30699363,44.75499,45.955006,1.1497902,1.1777574,0.5130564,0.51187307,0.77134126
59752,39.39617,46.047905,1.0292336,1.2163975,0.5722262,0.57693374,0.30884665,45.897217,44.55387,1.18581,1.1514227,0.48536572,0.48550054,0.69097567
58246,49.443405,41.806164,1.311645,1.134275,0.42276785,0.4323864,0.30954608,34.814285,28.33897,0.92164946,0.73749655,0.40700203,0.40009603,0.25274438
50071,39.31134,43.2896,1.0373784,1.1395707,0.5459494,0.5448381,0.3105964,45.79705,42.9805,1.1686766,1.100516,0.46924964,0.47083855,0.75831205
70498,38.563892,47.649372,1.0197427,1.2582538,0.5953368,0.5947786,0.31125623,46.845863,46.273575,1.1978946,1.1893021,0.4938918,0.4964135,0.74980515
60734,42.701653,47.64901,1.1370666,1.2716373,0.5519146,0.55291235,0.31356215,41.582603,41.531998,1.0630875,1.0662026,0.4993915,0.50146085,0.6664131
3126,39.82174,44.13787,1.0384331,1.1574262,0.54889375,0.55140424,0.31558907,43.179756,41.74682,1.1174994,1.0976778,0.4834073,0.4911313,0.617874
12440,44.786613,52.32897,1.2348306,1.4291999,0.5720668,0.56799936,0.31825215,41.876396,36.12238,1.075727,0.9506128,0.4312976,0.44184667,0.26193613
13922,40.663803,41.416832,1.0855924,1.1074727,0.50909084,0.50987846,0.32478777,48.007217,45.841682,1.2261927,1.17814,0.47744572,0.48040575,0.74191225
44021,41.20478,42.855885,1.0825251,1.1184195,0.51926345,0.51604694,0.3298368,46.121098,45.963223,1.2010716,1.1839204,0.49828848,0.49286002,0.6515306
33142,41.38933,48.10218,1.102289,1.2665286,0.56977695,0.5648385,0.33038104,50.17342,48.360443,1.3047721,1.2567,0.4819329,0.48157835,0.72089857
37970,37.708748,42.865753,1.0098331,1.1442823,0.560153,0.5587483,0.3314623,45.903755,45.393265,1.1977254,1.1833329,0.49443954,0.49399173,0.72101223
18592,38.46347,41.325268,1.0344623,1.1072093,0.5346253,0.5328515,0.3317555,43.670563,45.206127,1.1071657,1.1586515,0.51698405,0.522218,0.6696733
18307,42.35814,44.784386,1.1163703,1.18407,0.5270881,0.5285877,0.33455864,40.86512,41.321556,1.0477557,1.0536691,0.50552297,0.50280607,0.6893929
56668,42.190994,48.3397,1.1223938,1.275802,0.56359893,0.56012225,0.33674073,41.476074,42.01451,1.0664124,1.0813617,0.50640774,0.50691223,0.7304883
27010,45.731747,46.31388,1.1956198,1.234029,0.50628465,0.51556253,0.3428256,44.196583,40.88891,1.1364347,1.0602767,0.46257997,0.4664926,0.6276177
2135,39.388283,32.829346,1.1518031,1.1533355,0.41674,0.5006643,0.3447724,46.101147,17.304358,1.1936574,0.47314256,0.18767816,0.19819027,0.09680788
64697,56.356415,41.60853,1.4997427,1.1118677,0.36915523,0.3706861,0.34553528,43.049217,34.650467,1.1062703,0.9000159,0.40245175,0.40677938,0.5779555
8962,40.430363,48.697235,1.0656017,1.2771666,0.5848803,0.5828259,0.3457011,45.42391,45.456566,1.1581213,1.1681861,0.50035924,0.50430787,0.8138943
46867,44.512398,53.2834,1.1894214,1.4373465,0.5823052,0.586244,0.34612575,40.20107,38.44707,1.0433127,1.004801,0.4781847,0.48154357,0.53436494
21627,38.37687,44.981956,1.0216228,1.1858196,0.5734193,0.5692335,0.34658736,45.488678,46.17742,1.1654382,1.1990477,0.50745755,0.5140151,0.7280611
27557,43.8086,42.92195,1.1671033,1.1438466,0.4898804,0.49003658,0.35150737,28.574455,23.533482,0.7492466,0.6193427,0.4117923,0.41331032,0.3240428
71193,41.728683,41.633526,1.1000212,1.116019,0.4988598,0.50716734,0.35350174,46.11563,45.727474,1.1862012,1.1721565,0.4957915,0.49407995,0.7008957
35009,38.983273,41.954014,1.0407816,1.1071975,0.53540474,0.5299928,0.362872,45.513103,44.214836,1.1896056,1.1403582,0.48573744,0.47930098,0.65705055
70986,40.634735,47.213642,1.0725591,1.2615132,0.5696717,0.57489187,0.36627078,44.064102,44.968376,1.1356614,1.1626307,0.5100545,0.5115984,0.72729933
27518,37.893898,43.176643,1.0139223,1.1424333,0.56117594,0.5562444,0.3692228,45.786095,44.038906,1.1918987,1.1366947,0.4809201,0.476842,0.69175696
1109,44.26901,43.94463,1.1804761,1.1783377,0.49633628,0.49909428,0.36946207,40.385197,39.847176,1.0534139,1.034644,0.49333888,0.49109092,0.6662093
49048,38.790585,53.27089,1.0366533,1.4113556,0.635912,0.63274556,0.36999154,25.782024,30.86823,0.67085785,0.8092881,0.5823858,0.58552593,0.24984331
19342,38.740433,44.706013,1.0116035,1.1688216,0.5667201,0.56725496,0.37346134,30.973696,30.965502,0.81444085,0.80991215,0.49986774,0.49721974,0.31074005
25187,44.19204,48.91774,1.1684325,1.2941905,0.54830253,0.5485856,0.37417543,42.895897,46.734142,1.0992374,1.1933492,0.5410647,0.5394318,0.696332
40317,45.145554,49.660522,1.2022017,1.3154931,0.5454583,0.5430604,0.37508377,45.295547,45.511925,1.1594123,1.1637558,0.50237715,0.50186616,0.6892681
41811,38.88234,43.883644,1.0346411,1.152414,0.5569837,0.5510983,0.37600973,30.55518,30.009848,0.80063045,0.78545105,0.4910763,0.49052036,0.21382245
36691,38.787582,42.099796,1.0410933,1.1252655,0.53933764,0.537401,0.37668455,45.548424,44.968346,1.1841917,1.1632719,0.4936323,0.49116707,0.73725593
14964,40.081978,46.561172,1.0514365,1.2258484,0.5695772,0.5711393,0.37774795,44.12053,44.258675,1.1500974,1.1486937,0.5015607,0.49938974,0.60930824
54915,38.919357,48.413044,1.0366771,1.2779677,0.59804887,0.59440404,0.38038027,39.649696,39.899715,1.0276008,1.0343388,0.5031331,0.5032572,0.62156117
6281,40.7639,47.637638,1.0762767,1.2671002,0.57214606,0.5752993,0.38039625,46.200745,46.583523,1.1880213,1.2038785,0.5041085,0.5065859,0.76206696
23419,43.815224,44.36971,1.1560663,1.1817667,0.5062485,0.51087373,0.381068,45.59626,44.877613,1.1823988,1.162672,0.49211946,0.49165815,0.5857441
37805,38.52751,48.496346,1.0104256,1.2585332,0.6027792,0.59857017,0.38124612,46.59272,46.070824,1.1975974,1.1871159,0.49439937,0.49562395,0.7895421
30882,39.35842,51.41954,1.0398955,1.3757232,0.6172815,0.62205493,0.38378286,40.497746,40.162064,1.0393013,1.0324652,0.49585554,0.49671122,0.58115727
56548,39.36828,42.33719,1.0473036,1.1068208,0.5350627,0.5268866,0.3850903,46.77371,44.145187,1.2018225,1.1329283,0.4719017,0.4713376,0.7794613
71990,38.475994,45.312004,1.0470436,1.2252023,0.57543266,0.57270586,0.3856994,34.732445,34.887794,0.9145083,0.91557646,0.5022264,0.50058335,0.35495156
68781,41.86178,44.718224,1.0900505,1.1689947,0.53193825,0.53376585,0.38829052,45.291542,45.351418,1.165526,1.1600254,0.5006601,0.49764025,0.8302964
64468,41.777466,42.995064,1.1035389,1.1396985,0.51415974,0.51586366,0.38846615,43.084248,42.679108,1.094551,1.0830139,0.4952983,0.49472976,0.75222164
21988,45.59737,42.70195,1.1855276,1.1116701,0.46825016,0.4688504,0.39004052,42.688187,43.889717,1.0973198,1.1292559,0.5136881,0.5141403,0.7961024
5191,42.0619,41.780598,1.1108445,1.1067926,0.4966561,0.4981762,0.39177015,45.662544,45.571953,1.165395,1.1801147,0.49900803,0.50623655,0.7058768
41011,39.144142,44.053246,1.0398229,1.1573986,0.5557178,0.55079305,0.39217657,44.714466,45.68914,1.1477151,1.1734555,0.5106664,0.5109678,0.72393554
17692,39.81964,44.19618,1.0399069,1.1605554,0.5495126,0.55197877,0.39292422,46.356716,45.974552,1.2082438,1.1969615,0.495878,0.4953311,0.55311185
60690,37.7612,44.18131,1.0259383,1.1700352,0.5726564,0.56157804,0.39352185,44.51742,43.84049,1.1441723,1.1218153,0.49239698,0.49023005,0.7049729
37928,40.94539,44.562187,1.0824091,1.1731702,0.54058146,0.538682,0.39352724,38.993603,37.38095,1.0177017,0.9809989,0.4793216,0.48196778,0.5496709
18353,39.50556,44.170574,1.0481602,1.1716835,0.5528068,0.5527119,0.3938852,43.386383,41.951256,1.1208231,1.0741981,0.48346108,0.47920054,0.6719954
46875,39.281944,41.459644,1.0389969,1.1057606,0.5262629,0.53018904,0.39433062,44.614475,44.244305,1.1390324,1.133952,0.49585146,0.4977699,0.7621326
47638,42.27097,44.441746,1.117689,1.1672624,0.5244227,0.5212349,0.39651656,40.406075,37.961914,1.0433786,0.98162943,0.46975502,0.47040904,0.55600876
28276,43.444702,45.502365,1.1492797,1.1922836,0.5226105,0.5180343,0.39679122,46.780186,45.61947,1.2018569,1.1784974,0.48759392,0.49028194,0.6977509
28843,38.79103,49.852196,1.030885,1.320876,0.6109396,0.6097722,0.39805222,42.04428,42.326454,1.0773236,1.0721649,0.5033333,0.4976058,0.754979
2746,38.58697,44.637253,1.0198638,1.1801693,0.5677717,0.56791633,0.400748,44.812172,44.014503,1.1520567,1.1371517,0.49109986,0.49353114,0.8275455
23146,38.3507,44.228962,1.0099754,1.1668644,0.5664526,0.5672267,0.40096146,44.358185,43.423798,1.1316205,1.1145356,0.4894677,0.4924511,0.7051499
70954,39.612217,47.856003,1.0649788,1.2901912,0.58613116,0.58727866,0.40104753,45.489944,45.651604,1.1705056,1.172662,0.50177056,0.50091946,0.7137381
53369,37.859512,50.041687,1.0097095,1.3266635,0.62172025,0.61945534,0.4013079,43.195522,45.140533,1.1081345,1.1580542,0.521544,0.5215533,0.7032427
39587,38.537285,46.641514,1.0164745,1.2248572,0.5868778,0.5850641,0.40152317,43.257874,43.23346,1.1089623,1.1170967,0.4997178,0.50364083,0.7376342
22840,39.46904,44.755524,1.042635,1.1851039,0.55905956,0.5601082,0.40234083,41.622772,42.70388,1.0636538,1.0867271,0.5126582,0.51061594,0.7384238
3681,40.840836,42.45408,1.0793655,1.1095217,0.5189999,0.51358974,0.40429986,44.239525,43.448853,1.1373403,1.111256,0.49106374,0.48853275,0.804312
37620,37.86309,47.083,1.0079465,1.2546611,0.59791124,0.59831923,0.40551373,40.916004,40.913757,1.0512913,1.0498931,0.49997255,0.499335,0.65212315
39011,43.951965,45.88778,1.1576657,1.2104374,0.5210929,0.5217986,0.40554827,42.933228,42.150917,1.1033174,1.0870532,0.49088922,0.4926294,0.67581606
29489,40.204247,48.496296,1.0422664,1.2900357,0.5854916,0.59603196,0.406223,43.936768,44.677372,1.1430964,1.1614652,0.5082884,0.50790757,0.68221164
70995,37.899345,42.61692,1.0077055,1.1368604,0.55534863,0.55680335,0.40664047,40.527897,38.266327,1.0483055,0.9928077,0.4720986,0.47352976,0.5991191
67293,42.226295,41.894962,1.1209263,1.1322422,0.4960767,0.50499713,0.40738815,39.24716,34.24192,1.0216429,0.89101696,0.43623435,0.43607062,0.48628762
3330,40.859283,47.154404,1.0873795,1.2720869,0.56675005,0.5726001,0.40802157,45.023697,45.373997,1.1604097,1.1659937,0.5038601,0.5023945,0.7293075
20336,39.12188,48.842987,1.0319619,1.3050618,0.5995138,0.604631,0.40893963,41.89966,42.436836,1.0741616,1.0959692,0.5063291,0.50994897,0.7116771
55697,38.12107,44.409714,1.0188098,1.1746502,0.57080257,0.56633484,0.41031453,44.837723,43.639313,1.1638589,1.1308566,0.48663613,0.48582205,0.7398082
43852,43.916233,42.6285,1.1483212,1.1258758,0.48533878,0.4902269,0.41175193,38.36656,35.96064,1.0009687,0.92602,0.46864557,0.46256194,0.5580025
32206,41.305088,45.745667,1.0897985,1.203199,0.5485355,0.5471246,0.4124328,40.83313,39.147705,1.0578302,1.011448,0.47936204,0.47807673,0.65019166
44203,39.14473,44.695953,1.0323894,1.1713887,0.5620999,0.559331,0.41456234,42.63652,42.485626,1.0913901,1.0983089,0.49823046,0.50314975,0.69965637
28190,39.79986,45.393272,1.0412247,1.1954784,0.5616106,0.5645155,0.41504502,45.675682,44.7746,1.1703886,1.1583376,0.4901361,0.4948517,0.76333654
47240,42.26166,41.17171,1.1321568,1.106366,0.48710474,0.48860988,0.4170791,35.764797,33.760437,0.9339886,0.8855572,0.47197857,0.4740728,0.41255075
67790,37.8823,41.065243,1.0104774,1.1059084,0.5387547,0.54314595,0.4180217,31.36417,30.664043,0.8262305,0.8032511,0.48883876,0.48609382,0.27210292
54106,39.264576,57.291332,1.0492871,1.5040095,0.6573253,0.6511701,0.41911337,40.367455,42.883987,1.0450611,1.0994647,0.52934116,0.52474093,0.6293718
18671,38.92523,42.37297,1.0532833,1.1370089,0.54068327,0.5368183,0.42083985,43.766853,40.892456,1.1490128,1.0686744,0.4671624,0.46504027,0.28893706
24379,39.01519,43.754898,1.0483426,1.1646913,0.554162,0.54994833,0.4212883,33.258648,34.00258,0.87664306,0.90313673,0.5109393,0.5146676,0.2143507
25541,39.787304,49.008503,1.0449629,1.2903657,0.5940775,0.5950904,0.42434758,42.022324,43.20835,1.0925455,1.1081531,0.5137245,0.50704217,0.68689346
11873,41.205177,48.44658,1.0986683,1.2869235,0.57473594,0.5731416,0.42505157,47.035244,46.57482,1.2038819,1.1865557,0.49510556,0.49280405,0.73635256
30185,37.830585,41.644173,1.009402,1.1077482,0.54578775,0.5443901,0.4289777,40.879105,41.46979,1.0553678,1.070226,0.5071219,0.50694156,0.62863773
63738,46.310783,44.983707,1.2210201,1.1824665,0.48567206,0.48421255,0.42900643,36.28875,33.319473,0.9396074,0.8657937,0.4590882,0.46072102,0.49674916
28585,42.58308,47.410572,1.1075792,1.2363372,0.55091155,0.55207235,0.43011123,44.5871,45.098904,1.1584346,1.1722947,0.50567424,0.5059115,0.82516086
58755,39.20989,41.207413,1.0448033,1.1032482,0.52423745,0.5264877,0.43015003,45.60926,43.396133,1.1873282,1.1235814,0.47573817,0.47315535,0.6666765
7902,39.615326,44.53659,1.0302603,1.172126,0.5552497,0.5605164,0.43120927,45.40983,44.571854,1.1821997,1.1523288,0.4907732,0.4873664,0.7998063
3078,41.229454,45.734665,1.0940714,1.2278988,0.54925376,0.5544945,0.43134648,32.79015,29.536507,0.86268806,0.7677351,0.45038688,0.44496682,0.20199327
39703,37.644203,42.69929,1.0008603,1.1201419,0.559194,0.55324394,0.4330453,46.95784,47.223763,1.2081972,1.2200062,0.50281554,0.5048397,0.73849565
59433,40.384483,44.87003,1.063113,1.1786585,0.54998374,0.5490157,0.43312925,45.984375,45.376842,1.1775755,1.1746576,0.49339414,0.49876106,0.7230356
24006,38.776993,43.86535,1.0225128,1.1668518,0.55799973,0.5618497,0.43422118,48.264526,45.66179,1.2626141,1.191227,0.47303674,0.4717304,0.583282
30817,44.99772,45.243484,1.1809362,1.1934781,0.502716,0.5052543,0.43509665,45.78396,44.844666,1.1685373,1.1534374,0.48974213,0.49353898,0.73954225
15338,38.34884,59.234344,1.0366464,1.5631893,0.6762956,0.6684194,0.43534514,32.174355,34.370876,0.82471627,0.88154995,0.5319532,0.5322351,0.6050663
68556,38.28976,42.04679,1.0016028,1.1165732,0.5446768,0.55148363,0.4359577,45.12185,44.580208,1.1757467,1.1518586,0.49399802,0.4898413,0.71557736
5455,46.64866,43.97255,1.2274984,1.1825094,0.47131634,0.48167452,0.43666324,38.23726,30.885597,0.9861093,0.8075323,0.40386784,0.40945375,0.42515743
7845,50.33932,43.257572,1.3336684,1.1392847,0.42965987,0.42712444,0.43743095,42.206142,38.118633,1.0841349,0.99180746,0.45157683,0.45741883,0.5572437
7635,42.07615,42.083366,1.109229,1.1051433,0.5000858,0.49815834,0.43771452,43.72058,42.883,1.1182699,1.1075443,0.4904212,0.49520436,0.8104163
40553,42.30683,43.72474,1.1352682,1.1975601,0.516214,0.52600783,0.43827814,30.304827,24.491999,0.8035956,0.6454593,0.40409404,0.40160704,0.015556092
6017,37.5379,44.022884,1.025002,1.2051377,0.5736547,0.5747366,0.43894976,34.398678,32.62496,0.9021953,0.8546177,0.47421825,0.47363234,0.26910263
10342,44.352203,47.71334,1.1567457,1.25367,0.5352222,0.53865623,0.44016343,43.458733,41.92271,1.1094755,1.0713582,0.48232782,0.48282194,0.75025904
43952,38.890068,46.922592,1.0214972,1.2236587,0.58559334,0.5826053,0.4416732,44.657936,45.969162,1.1496491,1.1817926,0.514262,0.51359946,0.73559797
20942,39.35382,47.992798,1.0469201,1.267513,0.59000283,0.587018,0.4455522,43.530502,43.99666,1.1213137,1.1444513,0.5052976,0.5101086,0.6367738
41940,44.357555,43.09786,1.182712,1.1764631,0.48580065,0.49735826,0.44572756,34.237072,24.616209,0.8873762,0.6476293,0.3594964,0.3649125,0.15586647
72338,43.019875,48.53099,1.1513325,1.2865206,0.5567793,0.5525402,0.44651604,45.21032,45.54686,1.1464465,1.1595625,0.5036944,0.5056556,0.8169553
47921,43.967785,46.87087,1.1581768,1.2166075,0.53096896,0.52401376,0.4485982,44.366756,44.240707,1.1379117,1.1363425,0.49857947,0.49931052,0.7780006
26432,44.203663,48.576725,1.1759112,1.3007436,0.5450119,0.547985,0.44937408,41.577415,39.29351,1.0649713,1.0057169,0.4725343,0.47218028,0.66303825
28264,38.03923,42.13932,1.0030026,1.1217364,0.5486492,0.5529241,0.4500894,43.19367,42.76206,1.1255678,1.1147852,0.4950038,0.49521014,0.58656555
9690,38.48591,45.243565,1.0106467,1.1903609,0.57468086,0.57548726,0.4504425,45.648575,44.264484,1.1789342,1.1308616,0.4848397,0.47961184,0.7662981
9660,39.717083,44.339775,1.0398004,1.1562737,0.5521281,0.5503658,0.4519633,44.25029,43.648567,1.1406059,1.1229964,0.49320093,0.49228066,0.7052471
21969,39.528694,42.136795,1.0711159,1.1408266,0.53094804,0.53055274,0.4522866,30.53252,23.289902,0.795553,0.61140275,0.381395,0.38426274,0.09660788
28923,39.4249,42.6529,1.0324897,1.1334425,0.53784037,0.5445337,0.45289156,46.38353,46.1862,1.1965955,1.1828322,0.49787283,0.494249,0.7347716
51413,37.85853,45.295155,1.0002736,1.194395,0.58209074,0.5812635,0.45298272,45.942593,46.587738,1.1916004,1.2084626,0.506924,0.5069767,0.6904061
27020,40.70147,44.853592,1.0743968,1.1864855,0.5462853,0.5472356,0.45487845,46.072853,45.894638,1.1734673,1.1661023,0.49806595,0.49686188,0.7988201
11220,39.378395,47.042984,1.0369111,1.2431571,0.5814637,0.5829525,0.4550075,42.63552,43.010452,1.0876354,1.1024258,0.5043586,0.50670815,0.7689186
2837,38.706924,41.962074,1.0196226,1.1159447,0.5387868,0.5431572,0.45502588,42.613888,42.63793,1.0989121,1.097302,0.50028193,0.4992674,0.73088765
26609,40.568916,51.937668,1.074629,1.3663986,0.6094461,0.6067659,0.45652774,43.741287,45.68226,1.1090587,1.1705676,0.5212443,0.52627313,0.7246694
17995,39.005043,42.21496,1.0372747,1.1109039,0.5380187,0.5331393,0.46038795,43.889725,42.789585,1.1380146,1.1018287,0.487467,0.48410133,0.7657887
61415,40.6865,53.15052,1.0752808,1.4015113,0.6172521,0.6163853,0.46165553,40.72827,42.63704,1.044513,1.0911802,0.5223839,0.5213838,0.6906334
9425,39.04365,54.5991,1.0375605,1.4434923,0.6424515,0.64060754,0.4618051,35.965515,38.335724,0.94146144,1.0103289,0.53091383,0.5340817,0.47065222
9428,38.015743,45.069427,1.0200009,1.2030557,0.5782535,0.57607913,0.4622199,45.361683,43.746796,1.1871862,1.141371,0.48219988,0.48070428,0.70208853
22436,46.953888,42.055305,1.2661583,1.1038444,0.44783625,0.43590298,0.46442616,40.167507,39.915245,1.0332854,1.0199703,0.49685988,0.49355692,0.6659118
25393,39.70656,47.39259,1.0502387,1.2529688,0.58108896,0.5808999,0.46461755,46.510693,45.224056,1.2016747,1.1637357,0.48616838,0.48421413,0.7171647
56152,38.438488,46.387066,1.007115,1.2218204,0.58567667,0.5878629,0.46487302,40.973846,40.74594,1.0515912,1.0426297,0.4972189,0.4957391,0.7629053
320,46.49852,45.63318,1.2402619,1.2170932,0.49069497,0.49065977,0.46544632,28.602222,30.679382,0.7406864,0.8011387,0.5338527,0.53772897,0.23775697
22018,37.82397,43.754856,1.0382123,1.1896818,0.567774,0.56365967,0.46623385,39.038155,39.68199,1.006344,1.0250789,0.50811243,0.5091383,0.70271564
49436,38.849518,46.532627,1.0185953,1.2127618,0.5825561,0.58005136,0.46914738,48.435196,48.106575,1.2629569,1.2486,0.49660763,0.49431616,0.7737099
23235,41.18943,44.72045,1.0813849,1.1818558,0.53947884,0.54250556,0.46956545,45.710922,46.721394,1.1660528,1.1959238,0.5108138,0.51248866,0.7948578
70600,39.638687,48.15069,1.0517824,1.2657346,0.5883892,0.584517,0.46988234,45.117413,43.356445,1.16341,1.1070871,0.4804846,0.47579408,0.72741306
4958,40.683342,43.67847,1.0857964,1.1373713,0.5342861,0.5226729,0.47071484,43.875694,44.711147,1.1343106,1.1522971,0.5093428,0.50780463,0.7246386
18102,39.083458,46.483826,1.0367336,1.2282366,0.5796015,0.57795846,0.47117874,44.478283,45.020866,1.1739535,1.1821672,0.5060259,0.503474,0.76167357
31233,45.627495,50.166756,1.2275383,1.3609023,0.5452417,0.54899836,0.47120416,41.680878,38.577774,1.0822171,1.0095164,0.46277547,0.4664112,0.36747128
49856,38.540985,41.852196,1.0154897,1.1019456,0.5395584,0.5392288,0.4719001,45.321438,45.028114,1.159164,1.1631067,0.49676397,0.5016949,0.756935
35815,42.775772,54.644703,1.1463635,1.4504484,0.6086009,0.6048244,0.4728309,41.312717,41.488743,1.0704182,1.0612609,0.5021214,0.49572256,0.6722313
8575,40.665836,45.64048,1.0783137,1.2035304,0.55449814,0.5520206,0.47289032,45.61621,43.597923,1.1753001,1.129684,0.47787753,0.48059383,0.7286203
57070,40.88647,44.584743,1.0902684,1.1636635,0.54147464,0.5315362,0.47358194,43.546387,43.324425,1.1393882,1.1257857,0.49745142,0.4940308,0.6668831
70272,41.310112,46.707134,1.0829242,1.2310072,0.55777514,0.56014705,0.47448283,43.23586,42.66956,1.1141042,1.1045732,0.49345106,0.49572262,0.75721097
24314,47.734863,52.949493,1.2336149,1.3457735,0.54924154,0.5416707,0.47470498,44.047783,45.062572,1.1321985,1.1667583,0.5112598,0.5148102,0.8071439
65889,39.337482,43.721626,1.0426621,1.1395353,0.55013704,0.54250556,0.47489583,41.617317,40.995003,1.0709925,1.0498055,0.49252337,0.49010873,0.8176957
3514,39.203773,52.25198,1.0440749,1.3768761,0.6248585,0.6208537,0.4750443,41.769333,42.70451,1.0861323,1.0940812,0.5109494,0.50363266,0.6643258
31759,40.189354,44.316338,1.0483073,1.1551003,0.5465628,0.54622674,0.47504634,45.292942,43.477043,1.1718025,1.1227498,0.47995386,0.47906956,0.7674926
58678,41.325497,49.723778,1.065154,1.291734,0.58444935,0.5877038,0.4752836,44.1362,44.585968,1.1208868,1.1295389,0.5050438,0.5038299,0.82712984
53825,40.21315,50.367016,1.0667341,1.3629668,0.6007988,0.608672,0.4753139,41.646694,42.856693,1.0747937,1.1032857,0.5141168,0.51291233,0.630677
5180,38.192406,43.122734,1.0011623,1.131146,0.5571662,0.5574566,0.47637773,43.931534,44.32148,1.1251701,1.133819,0.50439906,0.50381404,0.8261364
22113,40.388298,45.479107,1.0721531,1.2019063,0.55596864,0.5539781,0.47657245,45.352707,44.70026,1.184294,1.1601889,0.49280697,0.489823,0.6371646
38577,41.60446,47.80023,1.1088235,1.2475685,0.56480896,0.5556061,0.47846806,40.726017,41.48249,1.0563418,1.080057,0.50911796,0.5109787,0.6853715
35058,35.830807,39.880074,1.0090927,1.1028551,0.550768,0.54250896,0.4788306,36.026848,35.388065,0.9385108,0.9241306,0.49113464,0.49233884,0.68530744
27433,45.009945,47.747887,1.1743653,1.2448869,0.5286708,0.5283245,0.47915918,48.09259,47.465576,1.211335,1.2130166,0.4934812,0.5006932,0.81472397
64282,47.250183,51.672977,1.2532215,1.3580126,0.542796,0.5385825,0.47962677,42.033123,41.06166,1.0811192,1.0479442,0.4884441,0.4846571,0.6900719
48006,43.291256,43.324196,1.1600589,1.1560354,0.50038016,0.49826586,0.4804996,46.574013,45.833683,1.2062057,1.183042,0.4920521,0.4903981,0.7263185
20931,41.53228,44.912086,1.078726,1.1759967,0.5376269,0.5413567,0.48052022,43.834534,44.04171,1.1256185,1.1326178,0.50235206,0.5030899,0.7168506
53594,39.21638,50.02955,1.029678,1.3184026,0.6080678,0.6094979,0.48072037,44.813034,46.363316,1.1695018,1.1954958,0.51671886,0.51087165,0.7257309
22402,43.660763,45.788094,1.1596138,1.2216433,0.5232302,0.5253877,0.48150373,44.476997,41.921677,1.1369255,1.0695809,0.4712737,0.47038305,0.7288324
3189,39.004936,47.67207,1.041139,1.2490761,0.5909037,0.58323634,0.48316276,43.220203,43.784492,1.114974,1.1398544,0.5064439,0.51091385,0.7170706
63460,45.785965,56.55265,1.2098917,1.503585,0.5951917,0.59766436,0.4849376,35.247955,30.931602,0.9204113,0.80989134,0.43877158,0.43996164,0.3057568
68041,39.846027,47.33525,1.0426736,1.2379981,0.5791083,0.5788872,0.48547024,42.116383,43.44271,1.0867505,1.1222702,0.5152653,0.5158249,0.773761
43300,48.383926,42.924255,1.2705466,1.1172899,0.4435797,0.43968868,0.4878618,47.65313,46.23091,1.2253431,1.1996536,0.48507738,0.48951742,0.78931606
36795,44.912964,43.41337,1.1749271,1.153269,0.48330554,0.49078324,0.488309,45.676285,44.697006,1.1854508,1.1566985,0.48928022,0.48787284,0.69840455
55567,38.763767,44.996094,1.015426,1.1776317,0.5692541,0.5688695,0.48883936,44.20607,44.730534,1.1294872,1.149043,0.5058625,0.50850964,0.8248453
48705,40.095734,43.27481,1.0605376,1.1391642,0.53673124,0.5345107,0.4906888,38.000355,36.232697,0.99291366,0.9528568,0.47674155,0.47982863,0.6362677
63035,39.743645,45.616276,1.0543108,1.1966888,0.5643699,0.5594883,0.4908943,44.93102,43.05307,1.1625148,1.1179596,0.47910187,0.48083672,0.73617315
36226,41.81633,47.468727,1.0864084,1.240625,0.5595381,0.5621528,0.49090847,46.758526,45.47998,1.2018131,1.1839205,0.4863282,0.492556,0.68604654
53609,39.099857,53.648273,1.0234535,1.397495,0.63559073,0.6338257,0.49257797,45.90642,46.56413,1.1973735,1.2009076,0.5070624,0.5014714,0.8035316
37181,44.260986,43.59971,1.1760899,1.1512842,0.49252978,0.48945418,0.49345034,45.65297,43.951263,1.1778792,1.1290023,0.48136258,0.47925216,0.761886
8725,38.793945,41.74811,1.039334,1.121912,0.53538084,0.53680235,0.49353316,45.2546,43.118683,1.1705068,1.1187754,0.4764011,0.4779021,0.7454506
58752,38.749092,47.62186,1.0216739,1.2525055,0.59315854,0.59214795,0.49407926,47.238007,46.367203,1.2198185,1.189395,0.4907828,0.4875295,0.7761334
20810,40.03184,42.997128,1.0630658,1.1454266,0.53448236,0.53595203,0.49497378,37.232773,36.464355,0.9726648,0.9454012,0.4896809,0.4859851,0.5961538
69518,38.32363,48.686874,1.0127057,1.28372,0.6064275,0.6055582,0.49561557,46.948505,47.161995,1.2018521,1.2077363,0.50226337,0.50243604,0.7795587
67112,39.39974,43.19642,1.0466665,1.1376606,0.5439467,0.5399918,0.49684677,43.598198,42.216988,1.1198051,1.0843499,0.48415977,0.484169,0.6626419
824,39.91155,45.801605,1.0609078,1.2277584,0.5642997,0.5679493,0.49752823,43.865124,42.126507,1.1237521,1.0643277,0.48018223,0.47355983,0.74898005
10060,37.83065,42.870014,1.003986,1.1338273,0.55877495,0.557258,0.49780902,45.974564,45.077,1.1820055,1.1671382,0.4902385,0.493711,0.7655268
70213,43.18822,49.683784,1.1548009,1.3256912,0.56536907,0.5644533,0.49859512,37.916637,36.453938,0.98923004,0.9549128,0.48071164,0.48265457,0.54899347
17570,42.34371,46.06253,1.1068546,1.2020457,0.54036707,0.5395955,0.49920785,46.35715,45.815754,1.1984156,1.178075,0.4941606,0.49151352,0.8381867
28547,37.94051,47.66256,1.0072882,1.258474,0.6019883,0.5997978,0.49939558,44.63134,44.894585,1.1432339,1.1562687,0.50293183,0.5056366,0.784644
